--
-- PostgreSQL database dump
--

\restrict 4Vo2CxLPZWDq49NmG168yHg3T7ewUAhoeNZk4ZHvubKLGu42yvBwmnzNmrOAdc8

-- Dumped from database version 18.1
-- Dumped by pg_dump version 18.1

SET statement_timeout = 0;
SET lock_timeout = 0;
SET idle_in_transaction_session_timeout = 0;
SET transaction_timeout = 0;
SET client_encoding = 'UTF8';
SET standard_conforming_strings = on;
SELECT pg_catalog.set_config('search_path', '', false);
SET check_function_bodies = false;
SET xmloption = content;
SET client_min_messages = warning;
SET row_security = off;

SET default_tablespace = '';

SET default_table_access_method = heap;

--
-- Name: documents; Type: TABLE; Schema: public; Owner: -
--

CREATE TABLE public.documents (
    id integer NOT NULL,
    title character varying NOT NULL,
    authors character varying NOT NULL,
    year integer NOT NULL,
    abstract text,
    keywords character varying,
    category character varying,
    publisher character varying,
    isbn character varying,
    udk character varying,
    bbk character varying,
    rubrics text,
    source_url character varying,
    source_system character varying,
    external_id character varying,
    has_fulltext integer DEFAULT 0 NOT NULL
);


--
-- Name: documents_id_seq; Type: SEQUENCE; Schema: public; Owner: -
--

CREATE SEQUENCE public.documents_id_seq
    AS integer
    START WITH 1
    INCREMENT BY 1
    NO MINVALUE
    NO MAXVALUE
    CACHE 1;


--
-- Name: documents_id_seq; Type: SEQUENCE OWNED BY; Schema: public; Owner: -
--

ALTER SEQUENCE public.documents_id_seq OWNED BY public.documents.id;


--
-- Name: interactions; Type: TABLE; Schema: public; Owner: -
--

CREATE TABLE public.interactions (
    id integer NOT NULL,
    user_id integer NOT NULL,
    document_id integer NOT NULL,
    interaction_type character varying NOT NULL,
    weight integer NOT NULL,
    created_at timestamp with time zone DEFAULT now()
);


--
-- Name: interactions_id_seq; Type: SEQUENCE; Schema: public; Owner: -
--

CREATE SEQUENCE public.interactions_id_seq
    AS integer
    START WITH 1
    INCREMENT BY 1
    NO MINVALUE
    NO MAXVALUE
    CACHE 1;


--
-- Name: interactions_id_seq; Type: SEQUENCE OWNED BY; Schema: public; Owner: -
--

ALTER SEQUENCE public.interactions_id_seq OWNED BY public.interactions.id;


--
-- Name: ratings; Type: TABLE; Schema: public; Owner: -
--

CREATE TABLE public.ratings (
    id integer NOT NULL,
    user_id integer NOT NULL,
    document_id integer NOT NULL,
    score integer NOT NULL
);


--
-- Name: ratings_id_seq; Type: SEQUENCE; Schema: public; Owner: -
--

CREATE SEQUENCE public.ratings_id_seq
    AS integer
    START WITH 1
    INCREMENT BY 1
    NO MINVALUE
    NO MAXVALUE
    CACHE 1;


--
-- Name: ratings_id_seq; Type: SEQUENCE OWNED BY; Schema: public; Owner: -
--

ALTER SEQUENCE public.ratings_id_seq OWNED BY public.ratings.id;


--
-- Name: search_history; Type: TABLE; Schema: public; Owner: -
--

CREATE TABLE public.search_history (
    id integer NOT NULL,
    user_id integer NOT NULL,
    query character varying NOT NULL,
    created_at timestamp with time zone DEFAULT now()
);


--
-- Name: search_history_id_seq; Type: SEQUENCE; Schema: public; Owner: -
--

CREATE SEQUENCE public.search_history_id_seq
    AS integer
    START WITH 1
    INCREMENT BY 1
    NO MINVALUE
    NO MAXVALUE
    CACHE 1;


--
-- Name: search_history_id_seq; Type: SEQUENCE OWNED BY; Schema: public; Owner: -
--

ALTER SEQUENCE public.search_history_id_seq OWNED BY public.search_history.id;


--
-- Name: users; Type: TABLE; Schema: public; Owner: -
--

CREATE TABLE public.users (
    id integer NOT NULL,
    username character varying NOT NULL,
    email character varying NOT NULL,
    password_hash character varying NOT NULL,
    role character varying NOT NULL,
    is_blocked integer DEFAULT 0 NOT NULL
);


--
-- Name: users_id_seq; Type: SEQUENCE; Schema: public; Owner: -
--

CREATE SEQUENCE public.users_id_seq
    AS integer
    START WITH 1
    INCREMENT BY 1
    NO MINVALUE
    NO MAXVALUE
    CACHE 1;


--
-- Name: users_id_seq; Type: SEQUENCE OWNED BY; Schema: public; Owner: -
--

ALTER SEQUENCE public.users_id_seq OWNED BY public.users.id;


--
-- Name: documents id; Type: DEFAULT; Schema: public; Owner: -
--

ALTER TABLE ONLY public.documents ALTER COLUMN id SET DEFAULT nextval('public.documents_id_seq'::regclass);


--
-- Name: interactions id; Type: DEFAULT; Schema: public; Owner: -
--

ALTER TABLE ONLY public.interactions ALTER COLUMN id SET DEFAULT nextval('public.interactions_id_seq'::regclass);


--
-- Name: ratings id; Type: DEFAULT; Schema: public; Owner: -
--

ALTER TABLE ONLY public.ratings ALTER COLUMN id SET DEFAULT nextval('public.ratings_id_seq'::regclass);


--
-- Name: search_history id; Type: DEFAULT; Schema: public; Owner: -
--

ALTER TABLE ONLY public.search_history ALTER COLUMN id SET DEFAULT nextval('public.search_history_id_seq'::regclass);


--
-- Name: users id; Type: DEFAULT; Schema: public; Owner: -
--

ALTER TABLE ONLY public.users ALTER COLUMN id SET DEFAULT nextval('public.users_id_seq'::regclass);


--
-- Data for Name: documents; Type: TABLE DATA; Schema: public; Owner: -
--

COPY public.documents (id, title, authors, year, abstract, keywords, category, publisher, isbn, udk, bbk, rubrics, source_url, source_system, external_id, has_fulltext) FROM stdin;
195	101 ключевая идея : генетика	Дженкинс, Мортон.	2002	101 ключевая идея : генетика : пер. с англ. / М. Дженкинс. - Москва : Фаир-пресс, 2002. - 240 c. - (Грандиозный мир.)\n. - ISBN 5818304256. - Текст : непосредственный.	наследственные болезни -- генетика -- гемофилия -- генная инженерия -- биология -- наследственность -- биология -- ДНК	биология	Фаир-пресс	5818304256	575	\N	\N	https://library.dvfu.ru/lib/document/EK/53C262CC-F4E7-4042-887F-C280095A9584/	EK	53C262CC-F4E7-4042-887F-C280095A9584	0
196	Биология индивидуального развития (генетический аспект)	Корочкин, Леонид Иванович.	2002	Биология индивидуального развития (генетический аспект) : учебник / Л. И. Корочкин. - [Москва] : Изд-во Московского университета, 2002. - 263 c. : ил. - гены (генетика).\n. - ISBN 5211044800. - Текст : непосредственный.	биология -- гомеозисные гены -- эмбриональная эндукция -- генетика -- эмбриология -- апоптоз -- экспериментальная эмбриология -- онтогенез -- эволюция	биология	Изд-во Московского университета	5211044800	575.1(075.8)	\N	\N	https://library.dvfu.ru/lib/document/EK/0AE85410-76A7-4BA4-A0C6-55F14DA8CDE1/	EK	0AE85410-76A7-4BA4-A0C6-55F14DA8CDE1	0
197	Биология	Тейлор, Д.	2002	Тейлор, Д \n Биология : пер. с англ / Д. Тейлор, Н. Грин, У. Стаут ; под ред. Р. Сопера. - Москва : Мир, 2002 - .\n в 3 т. : т. 2 . - 436 c.\n. - ISBN 5030034420	Растения -- животные -- микробиология -- количественная экология -- болезни растений -- гомеостаз -- биология -- биотехнологии -- болезни животных	биология	Мир	5030034420	57(075.8)	\N	\N	https://library.dvfu.ru/lib/document/EK/EFA9E4C8-7BAB-4BE3-B1CD-E50CCD335E97/	EK	EFA9E4C8-7BAB-4BE3-B1CD-E50CCD335E97	0
198	Биология	Тейлор, Д.	2002	Тейлор, Д \n Биология : пер. с англ / Д. Тейлор, Н. Грин, У. Стаут ; под ред. Р. Сопера. - Москва : Мир, 2002 - .\n в 3 т. : т. 3 . - 451 c.\n. - ISBN 5030034439	генетика -- размножение -- эволюция -- осморегуляция -- прикладная генетика -- животные -- видообразование -- Растения -- биология -- экскреция	биология	Мир	5030034439	57(075.8)	\N	\N	https://library.dvfu.ru/lib/document/EK/1023C58D-1C3E-49B5-830D-5A15A8C7CE8C/	EK	1023C58D-1C3E-49B5-830D-5A15A8C7CE8C	0
199	Биология. Общие закономерности. 9 кл.	Мамонтов, Сергей Григорьевич.	2002	Биология. Общие закономерности. 9 кл. : учебник для общеобразовательных учебных заведений / С. Г. Мамонтов, В. Б. Захаров, Н. И. Сонин. - 3-е изд., дораб. - Москва : Дрофа, 2002. - 287 с. : ил.\n. - ISBN 5710757446. - Текст : непосредственный.	эволюция -- живые организмы -- размножение живых организмов -- дарвинизм -- наследственность живых организмов -- микроэволюция -- макроэволюция -- экология -- биосфера	биология	Дрофа	5710757446	57(075)	\N	биология--учебные издания	https://library.dvfu.ru/lib/document/EK/2DC1E321-7611-448B-9F7F-6AA1582D7902/	EK	2DC1E321-7611-448B-9F7F-6AA1582D7902	0
135	... и страна зовется Тибетом	Цендина, Анна Дамдиновна	2002	... и страна зовется Тибетом / А. Д. Цендина ; ответственный редактор М. И. Гольман ; Российская академия наук, Институт востоковедения. - Москва : Восточная литература, 2002. - 302, [2] c., [4] л. ил. : ил.\n. - ISBN 5020183091. - Текст : непосредственный.	политическая история Тибета -- религия Тибета -- тибетология -- маньчжурский сюзеренитет -- тибетская этнография -- тибетский буддизм -- Тибетская империя -- география Тибета -- буддизм (история) -- история Тибета -- тибетский этнос -- тибетские обычаи -- тибетское искусство -- востоковедение	геология	Восточная литература	5020183091	\N	63.3(54) + 63.3(5Кит64)	история--Тибет--монографии	https://library.dvfu.ru/lib/document/EK/48819B3A-E684-4436-8C63-A5C41DCFC564/	EK	48819B3A-E684-4436-8C63-A5C41DCFC564	0
104	Руководство к решению задач по курсу общей физики	Фирганг, Евгений Владимирович	1977	Руководство к решению задач по курсу общей физики : учебное пособие для втузов / Е. В. Фирганг. - Москва : Высшая школа, 1977. - 351 с. : ил. - Библиогр.: с. 349\n. - Текст : непосредственный.	решение задач (физика) -- учебно-методические пособия (физика) -- физические формулы -- физические законы -- задачи (физика)	физика	Высшая школа	\N	53(075.8)	\N	физика--учебные издания для вузов	https://library.dvfu.ru/lib/document/EK/4BB59322-DED7-471C-907D-D3850F455AF4/	EK	4BB59322-DED7-471C-907D-D3850F455AF4	0
182	Аксиомы религиозного опыта	Ильин И.	2002	Аксиомы религиозного опыта / Ильин И. - Москва : АСТ, 2002. - 586 c. - (Philosophy)\n. - ISBN 5170115180. - Текст : непосредственный.	духовность -- НЛ -- религиозная философия -- философия -- русская философия -- религиозный опыт -- история философии	история	АСТ	5170115180	\N	\N	\N	https://library.dvfu.ru/lib/document/EK/7E71AEFC-6CF1-4DA1-8E99-C70D1F5C21C7/	EK	7E71AEFC-6CF1-4DA1-8E99-C70D1F5C21C7	0
200	Психология	Обухов, Алексей Сергеевич.	2022	Психология [Электронный ресурс] \n : учебник и практикум для вузов / А. С. Обухов, Н. В. Ткаченко, А. М. Федосеева, А. Н. Фоминова, М. Н. Швецова. - 2-е изд., пер. и доп. - Электрон. дан.col. - Москва : Юрайт, 2022. - 404 с. - (Высшее образование). - Режим доступа: Электронно-библиотечная система Юрайт, для авториз. пользователей\n. - ISBN 978-5-534-00631-5.\n URL: https://urait.ru/bcode/488786 (дата обращения: 22.01.2026).	Психология. Общие работы -- Педагогика, психология, социальная работа -- Общая психология -- Психология -- Психология и педагогика -- Социальная психология -- Психологическая коррекция и реабилитация -- Психология (включая основы социальной психологии) -- Психология развития -- Общая психология и педагогика -- Основы психологии -- Основы психологии и педагогики -- Педагогика и психология -- Основы педагогики и психологии -- Психология вокруг нас -- Введение в психологию -- Общая психология с практикумом -- Психология с практикумом -- Введение в общую психологию -- Психология, педагогика -- Возрастная психология и психология развития -- Психология: общая психология -- Основы общей психологии -- Общая педагогика и психология -- Психология (включая психологию журналистики)\nАннотация: Учебник раскрывает основы теории и практики современной психологии в контексте проблем образования. Он призван сформировать у студентов педагогических специальностей общие представления о ключевых вопросах психологии на материале общей психологии, психологии личности, возрастной психологии и психологии развития, социальной психологии и психологии образования — с целью психологического обеспечения будущей профессиональной деятельности. Содержание учебника выстроено в русле культурно-исторического и субъектно-деятельностного подходов, принятых в отечественной психологии. Материал изложен в доступной форме с использованием таблиц и схем, что делает удобным его восприятие и изучение. Каждая глава учебника направлена на включение студента в каждую из трех форм познавательной активности — в учение, практику и исследование. Соответствует актуальными требованиями Федерального государственного образовательного стандарта высшего образования. Для студентов, обучающихся по направлению «Педагогическое образование»	психология	Юрайт	978-5-534-00631-5	159.9(075.8)	\N	\N	https://library.dvfu.ru/lib/document/EBSUrait/DDF25FBB-49DB-492A-9876-B8325F966278/	EBSUrait	DDF25FBB-49DB-492A-9876-B8325F966278	0
113	Актуальные проблемы присоединения России к ВТО	Ливенцев, Николай Николаевич	2002	Актуальные проблемы присоединения России к ВТО / Н. Н. Ливенцев, Я. Д. Лисоволик ; Московский государственный институт международных отношений (университет) Министерства иностранных дел Российской Федерации. - Москва : Экономика, 2002. - 383 с. : табл.\n. - ISBN 528202182X. - Текст : непосредственный.	международные экономические отношения -- внешнеэкономическая политика -- мировой рынок -- международные финансовые организации -- внешнеэкономическая либерализация -- конкурентноспособность -- внешняя торговля -- торговые отношения	экономика	Экономика	528202182X	\N	65.428	Российская Федерация--экономические отношения международные	https://library.dvfu.ru/lib/document/EK/5A6F7B2E-735E-46AA-B665-53FD45298367/	EK	5A6F7B2E-735E-46AA-B665-53FD45298367	0
201	Психодиагностика. Теория и практика в 2 ч. Часть 2	Акимова, Маргарита Константиновна.	2022	Психодиагностика. Теория и практика в 2 ч. Часть 2 [Электронный ресурс] \n : учебник для вузов / М. К. Акимова, Е. И. Горбачева, В. Г. Зархин, В. Т. Козлова, С. В. Ярошевская. - 4-е изд., пер. и доп. - Электрон. дан.col. - Москва : Юрайт, 2022. - 341 с. - (Высшее образование). - Режим доступа: Электронно-библиотечная система Юрайт, для авториз. пользователей\n. - ISBN 978-5-9916-9946-4.\n URL: https://urait.ru/bcode/498904 (дата обращения: 22.01.2026).	Психология. Общие работы -- Педагогика, психология, социальная работа -- Методы психологической диагностики -- Психодиагностика -- Психологическая диагностика -- Основы психодиагностики -- Психодиагностика и практикум по психодиагностике -- Психодиагностика, практикум по психодиагностике\nАннотация: В учебнике рассмотрено общее состояние психологической диагностики в стране и за рубежом, ее история, значимость и использование в разных областях практики. Представлен понятийный аппарат, основные теоретические проблемы и принципы психологической диагностики, а также ее специфический инструментарий. В книге содержится информация о наиболее применимых в нашей стране психодиагностических методиках, оценивающих разные стороны личности и индивидуальности, обсуждаются возможности и способы их использования. В результате овладения данным курсом студенты будут уметь выбирать психодиагностический инструментарий для решения практических задач, владеть правилами проведения психодиагностических обследований, способами обработки информации, анализа и интерпретации результатов методик, владеть правилами и способами написания психодиагностического заключения по результатам диагностических обследований. В издание включены вопросы и задания для самопроверки, краткий терминологический словарь, рекомендуемая литература	психология	Юрайт	978-5-9916-9946-4	159.9(075.8)	\N	\N	https://library.dvfu.ru/lib/document/EBSUrait/21AB2562-F794-4B2F-ADCA-EC06FC153A84/	EBSUrait	21AB2562-F794-4B2F-ADCA-EC06FC153A84	0
123	Англо-русский словарь сокращений по телекоммуникациям	Александров, Александр Валерьевич	2002	Англо-русский словарь сокращений по телекоммуникациям : около 5500 сокращений / А. В. Александров ; [науч. ред. С. В. Пантыкин]. - Москва : Руссо, 2002. - 277 с. - Парал. тит. л. на англ. яз.\n. - ISBN 5887211997. - Текст : непосредственный.	прикладная математика -- англо-русские словари -- сокращения по телекоммуникациям -- мультимедиасистемы -- компьютерные сети -- телекоммуникации -- автоматические информационные системы -- терминологические словари -- словари сокращений (радиоэлектроника) -- словари переводные -- электроакустика -- словарь англо-русский	филология	около 5500 сокращений / А. В. Александров ; [науч. ред. С. В. Пантыкин]. - Москва : Руссо	5887211997	420-316.4	\N	радиоэлектроника--словари сокращений\nанглийский язык--терминология техническая--словари сокращений	https://library.dvfu.ru/lib/document/EK/40972BA9-EAC5-42DE-BDF7-2E33179C9FD2/	EK	40972BA9-EAC5-42DE-BDF7-2E33179C9FD2	0
128	Введение в теорию и методы оптимизации для экономистов	Фролькис, Виктор Абрамович	2002	Введение в теорию и методы оптимизации для экономистов : учебное пособие / В. А. Фролькис. - 2-е изд. - Санкт-Петербург : Питер, 2002. - 314 c. : ил., табл. - (Учебное пособие). - Библиогр. : с. 314.\n. - ISBN 5318007805. - Текст : непосредственный.	оптимизация, теория -- методы нелинейной оптимизации -- выпуклые модели оптимизации -- численные методы оптимизации -- методы линейной оптимизации -- оптимизационные модели линейные -- задача линейного программирования -- симплекс-метод -- Лагранжа множители -- условная оптимизация (математика) -- Якоби метод (математика) -- линейная оптимизация -- двойственности теория -- квадратичная оптимизация (математика) -- задачи оптимизации -- транспортная задача	математика	Питер	5318007805	519.85(075.8)	\N	экономика--оптимизационные методы--учебные издания для вузов\nоптимальные процессы--математическая теория--учебные издания для вузов	https://library.dvfu.ru/lib/document/EK/CC94586B-F699-4437-BFF8-F7FD76702C77/	EK	CC94586B-F699-4437-BFF8-F7FD76702C77	0
202	Логопедия. Технологии формирования интонационной стороны речи	Шевцова, Елена Евгеньевна.	2026	Логопедия. Технологии формирования интонационной стороны речи [Электронный ресурс] \n : учебное пособие для спо / Е. Е. Шевцова, Л. В. Забродина. - 2-е изд., пер. и доп. - Электрон. дан.col. - Москва : Юрайт, 2026. - 187 с. - (Профессиональное образование). - Режим доступа: Электронно-библиотечная система Юрайт, для авториз. пользователей\n. - ISBN 978-5-534-21031-6.\n URL: https://urait.ru/bcode/590101 (дата обращения: 22.01.2026).	Специальная педагогика и психология. Дефектология. Логопедия -- Педагогика, психология, социальная работа -- Основы логопедии -- Логопедия -- Введение в логопедию -- Обобщающий курс логопедии -- Теоретические основы логопедии -- Основы логопедической работы -- Логопедия и технологии преодоления нарушений речи\nАннотация: В курсе представлены физиологические механизмы интонации, предлагается анализ научно-практической литературы по проблеме исследования, а также методы диагностики нарушений просодической стороны речи. Рассматриваются особенности формирования интонационно-выразительных средств речи при различных речевых расстройствах в сопоставлении с нормальным речевым развитием. Новое издание курса дополнено разделом «Интонационные и фонетические рас- стройства речи при дизартрии». Предлагаются практические упражнения и задания по формированию навыков интонационно-мелодической выразительности речи	филология	Юрайт	978-5-534-21031-6	808.5(075.8)	\N	\N	https://library.dvfu.ru/lib/document/EBSUrait/B4E1B94D-2FB1-4B16-8B33-7A65329DF948/	EBSUrait	B4E1B94D-2FB1-4B16-8B33-7A65329DF948	0
106	Метеорология и климатология	Хромов, Сергей Петрович	2004	Метеорология и климатология : учебник для вузов / С. П. Хромов, М. А. Петросянц ; Московский государственный университет. ; Московский государственный университет. - 6-е изд., перераб. и доп. - [Москва] : Изд-во Московского университета : КолосС, 2004. - 582 с. : ил., табл. - (Классический университетский учебник). - Библиогр. : с. 566.\n. - ISBN 5211048474. - ISBN 5953202679. - Текст : непосредственный.	атмосфера -- атмосферная циркуляция -- аэрономия -- физика верхней атмосферы -- аэрологические наблюдения -- международное сотрудничество метеорологических служб -- метеорологические службы (сотрудничество) -- атмосферное давление -- Воздух и атмосфера -- солнечная радиация -- альбедо Земли -- барическое поле -- тепловой режим атмосферы -- влагооборот -- климатообразующие процессы -- микроклимат -- климаты Земли (классификация) -- климатические изменения -- радиация в атмосфере	геология	Изд-во Московского университета : КолосС	5211048474, 5953202679	551.5(075.8)	\N	метеорология--учебники для вузов\nклиматология--учебные издания для вузов	https://library.dvfu.ru/lib/document/EK/0F00EA90-333C-49DA-8260-E9B8E27D44FD/	EK	0F00EA90-333C-49DA-8260-E9B8E27D44FD	0
203	2500 задач по химии с решениями для поступающих в вузы	Кузьменко, Николай Егорович.	2002	2500 задач по химии с решениями для поступающих в вузы : [учебное пособие] / Н. Е. Кузьменко, В. В. Еремин. - Москва : Оникс 21 век : Мир и Образование, 2002. - 639 с. : ил., табл. - Библиогр. : с. 633-635\n. - ISBN 5329005078. - ISBN 5946660403. - Текст : непосредственный.	задачники -- общая химия -- неорганическая химия -- органическая химия -- задачники (химия)	химия	Оникс 21 век : Мир и Образование	5329005078, 5946660403	54(075.8)	\N	химия--задачи--учебные издания для вузов	https://library.dvfu.ru/lib/document/EK/43C17D1C-7820-4A0A-BEA3-955EF65799EB/	EK	43C17D1C-7820-4A0A-BEA3-955EF65799EB	0
205	Берлин Альфред Анисимович. Избранные труды. Воспоминания современников	Российская академия наук, Институт химической физики	2002	Берлин Альфред Анисимович. Избранные труды. Воспоминания современников / Российская академия наук, Институт химической физики ; [отв. ред. : Ал. Ал. Берлин, С. М. Межиковский, Б. И. Западинский]. - Москва : Наука, 2002. - 362 c., [8] л. ил., портр. : ил., табл. - Библиогр. в конце ст.\n. - ISBN 5020064327.	химики -- химия полимеров -- полимеры -- олигомеры	химия	Наука	5020064327	678	\N	\N	https://library.dvfu.ru/lib/document/EK/3C136E34-F64D-4DC2-A081-FF974FFBF266/	EK	3C136E34-F64D-4DC2-A081-FF974FFBF266	0
208	Молекулярная спектроскопия	Плиев, Тимур Николаевич.	2002	Плиев, Тимур Николаевич \n Молекулярная спектроскопия : в 5 томах / Т. Н. Плиев. - Владикавказ : Иристон, 2002 - .\n Т. 5 . - 2002. - 594 с. : ил., табл. - Библиогр.: с. 419-590	нефтехимический синтез -- химия присадок -- полимеры -- биологически активные вещества -- мономеры -- инфракрасная спектроскопия -- ультрафиолетовая спектроскопия -- ядерный магнитный резонанс -- масс-спектроскопия -- рефрактометрия	химия	Иристон	\N	543.42	\N	аналитическая химия\nспектроскопия молекулярная	https://library.dvfu.ru/lib/document/EK/D76DD4F6-BC61-4CED-8A40-1EC9987B3AB6/	EK	D76DD4F6-BC61-4CED-8A40-1EC9987B3AB6	0
107	Введение в структурный анализ : основные представления о методах исследования структуры конденсированных сред	Бабушкин, Алексей Николаевич	2002	Введение в структурный анализ : основные представления о методах исследования структуры конденсированных сред : учебное пособие / А. Н. Бабушкин ; Уральский университет. ; Уральский государственный университет (Екатеринбург). - Екатеринбург : Изд-во Уральского университета, 2002. - 103 c.\n. - ISBN 5799601513. - Текст : непосредственный.	структурный анализ твердых тел -- кристаллические твердые тела -- физика конденсированного состояния -- синхротронное излучение -- дифракционная картина	физика	Изд-во Уральского университета	5799601513	538.9(075.8)	\N	конденсированные среды--физика--учебные издания для вузов	https://library.dvfu.ru/lib/document/EK/909185D5-6FDD-484C-B6E5-C23A007A7449/	EK	909185D5-6FDD-484C-B6E5-C23A007A7449	0
112	Курс общей физики	не указан	2001	Савельев, Игорь Владимирович \n Курс общей физики : учебное пособие для втузов : [в 5 кн.] / И. В. Савельев. - Москва : Астрель, 2001 - .\n кн. 2 : Электричество и магнетизм. - 336 c. : ил., табл.\n. - ISBN 5170037600. - ISBN 5271010333. - ISBN 5271011836	общая физика -- магнитное поле -- электрическое поле -- электрические колебания -- электромагнитная индукция -- проводники -- электрический ток	физика	Астрель	5170037600, 5271010333, 5271011836	53(075.8)	\N	физика--учебные издания для вузов\nэлектричество--учебные издания для вузов\nмагнетизм--учебные издания для вузов	https://library.dvfu.ru/lib/document/EK/05103008-4EB2-4698-BDFA-559EAE7EC596/	EK	05103008-4EB2-4698-BDFA-559EAE7EC596	0
207	Механизм катализа	Ч/З о. Русский (1), Книгохранение (1) Свободны	1984	Механизм катализа / Академия наук СССР, Сибирское отделение, Институт катализа ; отв. ред. Г. К. Боресков, Т. В. Андрушкевич. - Новосибирск : Наука, 1984 - .\n ч. 2 : Методы исследования каталитических реакций / Академия наук СССР, Сибирское отделение; Институт катализа. - 209 c. : ил., табл.	химия поверхностных катализаторов -- механизм каталитических реакций -- гетерогенные реакции -- окисные катализаторы -- металлические катализаторы -- реакции селективного окисления	химия	Наука	\N	541.128	\N	\N	https://library.dvfu.ru/lib/document/EK/CF671CDA-FBF5-48E7-88DD-35EAD3266E71/	EK	CF671CDA-FBF5-48E7-88DD-35EAD3266E71	0
108	Криогенная плазма газового разряда	Антипов, Сергей Николаевич	2011	Криогенная плазма газового разряда / С. Н. Антипов, А. В. Кириллин, В. Л. Низовский ; Объединенный институт высоких температур РАН. ; Российская академия наук, Объединенный институт высоких температур. - Москва : Янус-К, 2011. - 131 с. : ил., табл., фотоил. - Библиогр. в конце гл.\n. - ISBN 9785803705208. - Текст : непосредственный.	низкотемпературная плазма -- газоразрядная плазма -- физика газового разряда -- неравновесная плазма -- плазма тлеющего разряда -- криогенная пылевая плазма -- послесвечение пробоя в гелии -- тлеющие разряды	физика	Янус-К	9785803705208	533.9...15:537.52	\N	криогенная плазма--газовые разряды--монографии	https://library.dvfu.ru/lib/document/EK/4A55D67E-A26D-4914-9604-1332DCCD1B09/	EK	4A55D67E-A26D-4914-9604-1332DCCD1B09	0
124	Аналитическая геометрия	Ильин, Владимир Александрович	2002	Аналитическая геометрия : учебное пособие для физических специальностей / В. А. Ильин, Э. Г. Позняк. - Изд. 6-е, стер. - Москва : Физматлит, 2002. - 240 с. : ил. - (Курс высшей математики и математической физики ; вып. 3.). - Прил. : с. 221-240\n. - ISBN 5922101285. - ISBN 592210134X. - Текст : непосредственный.	системы координат -- аналитическая геометрия -- векторная алгебра -- геометрия -- векторы -- линейные образы -- уравнения линии -- элементарная геометрия -- линии второго порядка	математика	Физматлит	5922101285, 592210134X	514.1(075.8)	\N	высшая математика	https://library.dvfu.ru/lib/document/EK/0D70E44B-7635-43E5-B450-35772A68E81A/	EK	0D70E44B-7635-43E5-B450-35772A68E81A	0
206	Материалы ... 20-22 февраля 2006, г. Хабаровск	Международная академия экологии и безопасности жизнедеятельности	2006	Материалы ... 20-22 февраля 2006, г. Хабаровск : [сборник научных статей] / Международная академия экологии и безопасности жизнедеятельности ; Дальневосточный государственный гуманитарный университет ; под ред. В. Т. Тагировой. ; "Ресурсы и экологические проблемы Дальнего Востока", межрегиональная научно-практическая конференция ((2006 ; ; Хабаровск).) [и др.]. - Хабаровск : [Изд-во Дальневосточного гуманитарного университета], 2006. - 407 с. : ил., табл.\n. - Текст : непосредственный.	биоразнообразие на Дальнем Востоке -- животные ресурсы -- растительные ресурсы -- особо охраняемые природные территории -- экологическое образование -- химия природных ресурсов -- растения острова Кунашир -- тихоокеанский кальмар -- численность кеты реки Уссури -- загрязнение реки Амур -- загрязнение окружающей среды -- флора хребта Вандан -- амурский тигр, размножение -- экологические проблемы Дальнего Востока России -- природные ресурсы Дальнего Востока России -- Артемовка, река (Приморский край) -- Уссури, река (Дальний Восток)	биология	[Изд-во Дальневосточного гуманитарного университета]	\N	574(571.6)	\N	биологические ресурсы--Дальний Восток России--материалы конференции (съезда, симпозиума)\nэкология--Дальний Восток России--материалы конференции (съезда, симпозиума)\nДальний Восток России--экология -- материалы конференции (съезда, симпозиума)\nКунашир, остров (Тихий океан)--экология -- материалы конференции (съезда, симпозиума)\nХабаровский край--экология -- материалы конференции (съезда, симпозиума)	https://library.dvfu.ru/lib/document/EK/962C7741-6473-4D6D-A483-FF910C80E609/	EK	962C7741-6473-4D6D-A483-FF910C80E609	0
121	Бухгалтерский (финансовый) учет	Астахов, Владимир Павлович	2002	Бухгалтерский (финансовый) учет : учебное пособие / В. П. Астахов. - Изд. 4-е, перераб. и доп. - Ростов-на-Дону : МарТ, 2002. - 925 с. - (Экономика и управление). - Библиогр.: с. 918-919\n. - ISBN 5241000828. - Текст : непосредственный.	финансовая отчетность -- бухгалтерская отчетность	менеджмент	МарТ	5241000828	657	65.052я73	бухгалтерский учет--учебные издания для вузов\nфинансовый учет--учебные издания для вузов	https://library.dvfu.ru/lib/document/EK/63AE0178-E546-4127-B13E-4F302C0C57E2/	EK	63AE0178-E546-4127-B13E-4F302C0C57E2	0
117	Бизнес-план	Галенко, Валентин Павлович	2002	Бизнес-план : практикум / В. П. Галенко, Г. П. Самарина, О. А. Страхова. - Москва : Бератор-Пресс, 2002. - 165 с. : ил., табл.\n. - ISBN 5887590882. - Текст : непосредственный.	финансовая отчетность -- менеджмент -- эконометрические модели -- финансовый план предприятия -- статистические данные -- ситуационные задачи -- практикумы учебные (экономика)	экономика	Бератор-Пресс	5887590882	334.012.23:657	\N	бизнес-план--учебные издания для вузов -- практикумы	https://library.dvfu.ru/lib/document/EK/16F851C6-989C-4C4F-AB1C-38226ADF0F97/	EK	16F851C6-989C-4C4F-AB1C-38226ADF0F97	0
141	Адвокатская деятельность и адвокатура Российской Федерации	Смоленский, Михаил Борисович	2002	Адвокатская деятельность и адвокатура Российской Федерации : учебник / М. Б. Смоленский. - Ростов-на-Дону : Феникс, 2002. - 414 c. - (Учебники и учебные пособия)\n. - ISBN 5222025853. - Текст : непосредственный.	адвокатская деятельность -- адвокатская этика -- арбитражный процесс -- адвокатское расследование -- правоохранительные органы -- история адвокатуры -- третейские суды -- гражданский процесс	право	Феникс	5222025853	\N	67.629.08я73	адвокатура--Российская Федерация--учебные издания для вузов -- учебники	https://library.dvfu.ru/lib/document/EK/8382F86E-3E62-4AAA-80AB-B997557BA3B8/	EK	8382F86E-3E62-4AAA-80AB-B997557BA3B8	0
209	Петр Андреевич Земятченский	Академия наук СССР	1960	Петр Андреевич Земятченский / Академия наук СССР ; Академия наук СССР ; [гл. ред. А. Н. Несмеянов, отв. ред. : О. В. Исакова, Е. С. Лихтенштейн, В. И. Шунков] ; вступ. ст. А. Д. Федосеева. - Москва : Изд-во Академии наук СССР, 1960. - 56 с., [1] л. портр. - (Материалы к биобиблиографии ученых СССР. Серия геологических наук ; вып. 16.). - Библиогр. : с. 22-23.\n. - Текст : непосредственный.	минералогия (история) -- почвоведение (история) -- ученые-геологи -- русские ученые -- ученые СССР -- Минеевы (библиотека)	геология	Изд-во Академии наук СССР	\N	55(092)(01)	\N	геология--история--Россия--биобиблиография	https://library.dvfu.ru/lib/document/EK/1A7CCE8B-FB21-4B5A-9C3F-37B8B24C13F8/	EK	1A7CCE8B-FB21-4B5A-9C3F-37B8B24C13F8	0
213	Глубинные структуры Вознесенского флюоритоносного района	Петрищевский, Александр Митрофанович.	2002	Глубинные структуры Вознесенского флюоритоносного района / А. М. Петрищевский ; ответственный редактор В. Г. Хомич ; Российская академия наук, Дальневосточное отделение, Институт комплексного анализа региональных проблем. - Владивосток : Дальнаука, 2002. - 105 с. : ил., табл. - Библиогр.: с. 101-104\n. - ISBN 5804402447. - Текст : непосредственный.	земная кора -- тектоника -- краеведение -- гравиразведка -- магматические комплексы -- рудные поля -- рудные месторождения -- месторождения флюорита -- геофизика -- минералы -- экологическая геология -- магматизм	геология	Дальнаука	5804402447	550.831	\N	\N	https://library.dvfu.ru/lib/document/EK/AD663F72-F4AE-4A48-A30A-FBECDA38E686/	EK	AD663F72-F4AE-4A48-A30A-FBECDA38E686	0
225	Биохимический анализ	Асатиани, Владимир Самсонович.	1953	Асатиани, Владимир Самсонович \n Биохимический анализ / В. С. Асатиани. - Изд. 2-е, доп. и испр. - Тбилиси : Грузмедгиз, 1953 - .\n ч. 1 : Фотометрические методы. Газометрические методы. - 942 с., : ил. - Предметный указатель : с. 937 - 942.	биохимия -- фотометрия (биохимия) -- газометрия (биохимия) -- калориметрия (биохимия) -- турбидиметрия (биохимия) -- нефелометрия (биохимия) -- титрование фотоэлектрическое (биохимия)	биология	Грузмедгиз	\N	570	\N	\N	https://library.dvfu.ru/lib/document/EK/197E7F51-B860-497D-8479-3633DD948F97/	EK	197E7F51-B860-497D-8479-3633DD948F97	0
139	70 лет в журналистике. О времени, о товарищах, о себе	Стоник, Арон Иосифович	2002	70 лет в журналистике. О времени, о товарищах, о себе / Арон Стоник. - Владивосток : Дальпресс, 2002. - 239 c., [8] л. ил. : портр. - Доступна электронная версия\n. - ISBN 573110347X. - Текст : непосредственный.	история журналистики -- советская журналистика -- ДВГУ (труды преподавателей) -- журналисты на войне -- журналисты	история	Дальпресс	573110347X	\N	76.12	журналистика--история--Россия	https://library.dvfu.ru/lib/document/EK/C2B47DD2-F10A-404F-B2B4-E2A051E51DFF/	EK	C2B47DD2-F10A-404F-B2B4-E2A051E51DFF	0
131	Высшая математика	Баврин, Иван Иванович	2002	Высшая математика : учебник для вузов / И. И. Баврин. - 3-е изд., стер. - Москва : Академия, 2002. - 611 c. : ил. - (Высшее образование). - Библиогр. : с. 608. - Прил. : с. 603-607\n. - ISBN 5769506121. - Текст : непосредственный.	алгебра -- высшая математика -- аналитическая геометрия -- дифференциальное исчисление -- математический анализ -- математическая статистика -- теория вероятностей -- интегральное исчисление -- дифференциальные уравнения	математика	Академия	5769506121	51(075.8)	\N	высшая математика--учебные издания для вузов	https://library.dvfu.ru/lib/document/EK/251DD066-0FC2-4436-A73B-D4DB08D59F03/	EK	251DD066-0FC2-4436-A73B-D4DB08D59F03	0
148	Интеллектуальные интернет-технологии	Боженюк, Александр Витальевич	2009	Интеллектуальные интернет-технологии : учебник для вузов / А. В. Боженюк, Э. М. Котов, А. А. Целых. - Ростов-на-Дону : Феникс, 2009. - 382 с. : ил., табл. - (Высшее образование). - Библиогр. : с. 378-380. - Словарь терминов : с. 369-377\n. - ISBN 9785222159781. - Текст : непосредственный.	интернет-технологии -- искусственный интеллект -- распознавание образов (информационные технологии) -- перцептроны -- нейронные сети -- экспертные системы, проектирование -- грид-технологии -- социальные сети -- социальный интеллект -- информационный поиск в сети INTERNET -- поисковые системы -- лабораторные работы (информационные технологии) -- тесты учебные (информационные технологии)	информатика	Феникс	9785222159781	004.738.5:004.8(075.8)	\N	интеллектуальные информационные системы--учебные издания для вузов\nINTERNET, глобальная информационная сеть--информационно-поисковые системы--учебные издания для вузов	https://library.dvfu.ru/lib/document/EK/8952397A-0621-4D2A-9D41-D1072E9E9C82/	EK	8952397A-0621-4D2A-9D41-D1072E9E9C82	0
214	Геология. Лабораторный практикум. Полевая геологическая практика	Бондарев, Всеволод Петрович.	2002	Геология. Лабораторный практикум. Полевая геологическая практика : учебное пособие для среднего профессионального образования по геологическим специальностям / В. П. Бондарев. - Москва : Форум : Инфра-М, 2002. - 188 с. : ил., табл. - Загл. обл. : Геология. - Библиогр. в конце ч.\n. - ISBN 5819900359. - ISBN 516000839X. - Текст : непосредственный.	минералы -- палеонтология -- окаменелости -- лабораторные практикумы (геология) -- кристаллография -- морфология минералов -- минералогия -- горные породы -- петрография -- полевая геологическая практика -- полевые наблюдения (геология) -- учебная практика (геология)	геология	Форум : Инфра-М	5819900359, 516000839X	55(076)	\N	геология--учебные издания	https://library.dvfu.ru/lib/document/EK/58E8DB70-4259-48A1-9662-35AE2BD5CBE9/	EK	58E8DB70-4259-48A1-9662-35AE2BD5CBE9	0
223	Биологически активная добавка к пище тинростим (в помощь практическому врачу)	Беседнова, Наталья Николаевна.	2003	Биологически активная добавка к пище тинростим (в помощь практическому врачу) [Электронный ресурс] / Н. Н. Беседнова, Л. М. Эпштейн ; Тихоокеанский научно-исследовательский рыбохозяйственный центр, Научно-исследовательский институт эпидемиологии и микробиологии, Сибирское отделение Российской академии медицинских наук. ; Тихоокеанский научно-исследовательский рыбохозяйственный центр (Владивосток) [и др.]. - Владивосток : [ТИНРО-центр], 2003. - 47 c. : табл. - (Биологически активные добавки из гидробионтов.). - Библиогр. : с. 43-46.\n. - Текст : непосредственный.	пищевые добавки -- биохимия -- краеведение -- тинростим -- биологически активные добавки	биология	[ТИНРО-центр]	\N	577	\N	\N	https://library.dvfu.ru/lib/document/EK/9F236C48-8734-4EA9-9763-96427CE10B7E/	EK	9F236C48-8734-4EA9-9763-96427CE10B7E	0
152	Интеллектуальные информационные системы	Андрейчиков, Александр Валентинович	2004	Интеллектуальные информационные системы : учебник для вузов / А. В. Андрейчиков, О. Н. Андрейчикова. - Москва : Финансы и статистика, 2004. - 423 c. : ил., табл. - Библиогр. в конце гл.\n. - ISBN 5279025682. - Текст : непосредственный.\n Предметный указатель : с. 419-423	интеллектуальные системы -- нейронные сети -- искусственный интеллект -- прикладная информатика -- информационные системы -- информационные технологии -- мультиагентные системы -- нечеткая логика -- программные средства (информационные технологии) -- нечеткие знания -- извлечение знаний, методы	информатика	Финансы и статистика	5279025682	004.89(075.8)	\N	интеллектуальные информационные системы--учебные издания для вузов	https://library.dvfu.ru/lib/document/EK/73729EF4-4C20-4035-9C7A-24BA999F216B/	EK	73729EF4-4C20-4035-9C7A-24BA999F216B	0
226	Генетический код	Карасев В. А.	2003	Генетический код : новые горизонты / Карасев В. А. - Санкт-Петербург : ТЕССА, 2003. - 146 c.\n. - ISBN 5940860087. - Текст : непосредственный.	биополимеры -- аминокислоты -- биохимия -- генетика -- молекулярная биология -- НЛ	биология	ТЕССА	5940860087	575.113.12	\N	\N	https://library.dvfu.ru/lib/document/EK/74E0F906-D8D2-4A9A-9A77-DFC4AB7EFA95/	EK	74E0F906-D8D2-4A9A-9A77-DFC4AB7EFA95	0
154	Microsoft Access 2002. Программирование и разработка баз данных и приложений	не указан	2002	Microsoft Access 2002. Программирование и разработка баз данных и приложений / В. В. Боровиков. - Москва : Солон-Р, 2002. - 560 c. : ил. - (Полное руководство пользователя)\n. - ISBN 5934551612. - Текст : непосредственный.	Access 2002, система управления базами данных -- программирование -- система управления базами данных -- Visual Basic, язык программирования -- СУБД -- языки программирования -- базы данных Access (разработка) -- таблицы баз данных -- макросы -- управление базами данных -- компьютерные программы	информатика	Солон-Р	5934551612	\N	32.973-018.2	\N	https://library.dvfu.ru/lib/document/EK/6BFC3AB9-82F1-4EE6-9EA3-CA832CB788DF/	EK	6BFC3AB9-82F1-4EE6-9EA3-CA832CB788DF	0
216	Инженерная геология	Ананьев, Всеволод Петрович.	2002	Инженерная геология : учебник для вузов по строительным специальностям / В. П. Ананьев, А. Д. Потапов. - Изд. 2-е, перераб. и доп. - Москва : Высшая школа, 2002. - 511 с. : ил., табл. - Библиогр.: с. 508-509\n. - ISBN 5060036901. - Текст : непосредственный.	подземные воды -- инженерно-геологические исследования -- охрана природной среды -- экологизация инженерно-геологических исследований -- геологические процессы -- грунтоведение -- геология -- инженерная геология -- геология инженерная	инженерное дело	Высшая школа	5060036901	624.131.1(075.8)	\N	\N	https://library.dvfu.ru/lib/document/EK/7F4E0B6A-F315-4636-90C4-54BF710A8832/	EK	7F4E0B6A-F315-4636-90C4-54BF710A8832	0
219	Словарь-справочник по клинической биохимии	Хасина, М. А.	2002	Словарь-справочник по клинической биохимии / М. А. Хасина ; Владивостокский государственный медицинский университет. ; Владивостокский государственный медицинский университет. - 3-е, доп. изд. - Владивосток : [б. и.], 2002. - 177 c.\n. - Текст : непосредственный.	СЛ -- биохимия -- клиническая биохимия -- словари-справочники -- СПР	биология	[б. и.]	\N	577(083)	\N	\N	https://library.dvfu.ru/lib/document/EK/8210CD04-A884-4CCE-BA9A-1F524AD2C759/	EK	8210CD04-A884-4CCE-BA9A-1F524AD2C759	0
229	Энциклопедический словарь медицинских терминов	Петровский, Б. В. \\ед.\\ Академия медицинских наук СССР Экземпляры всего	1983	Энциклопедический словарь медицинских терминов : [около 60 000 терминов] / [Академия медицинских наук СССР] ; гл. ред. Б. В. Петровский. - Изд. 1-е. - Москва : Советская энциклопедия, 1983 - . - (Большая медицинская энциклопедия.).\n в [3-х т.] : т. 2 : Кабана болезнь - Пяточный бугор / Академия медицинских наук СССР. - 448 с.	медицина -- биофизика -- биохимия -- генетика -- анатомия	медицина	Советская энциклопедия	\N	61(03)	\N	\N	https://library.dvfu.ru/lib/document/EK/4ED3AC80-E8D6-44ED-A634-DF3B5CC3F8E7/	EK	4ED3AC80-E8D6-44ED-A634-DF3B5CC3F8E7	0
156	Объектно-ориентированное программирование в С++	Лафоре, Роберт	2011	Объектно-ориентированное программирование в С++ / Р. Лафоре ; [пер. с англ. : А. Кузнецов, М. Назаров, В. Шрага]. - 4-е изд. - Санкт-Петербург : Питер, 2011. - 923 с. : ил., табл. - (Классика computer science). - Библиогр. : с. 899-901.\n. - ISBN 9785423700386. - Текст : непосредственный.\n Парал. тит. л. на англ. яз. Приложения : с. 796-901. Предметный указатель : с. 902-923.	компьютерное программирование -- объектно-ориентированное программирование -- языки моделирования -- циклы (программирование компьютерное) -- ветвления (программирование компьютерное) -- структуры (программирование компьютерное) -- функции (программирование компьютерное) -- объекты (программирование компьютерное) -- классы (программирование компьютерное) -- массивы (программирование компьютерное) -- строки (программирование компьютерное) -- унарные операции -- бинарные операции -- файлы -- программы многофайловые -- виртуальные функции -- шаблоны функций (программирование компьютерное)	информатика	Питер	9785423700386	004.438	\N	C, язык программирования\nвычислительные системы--программирование объектно-ориентированное	https://library.dvfu.ru/lib/document/EK/7AE362AF-55C3-4F93-BF9B-B793D4809D02/	EK	7AE362AF-55C3-4F93-BF9B-B793D4809D02	0
217	Краткий курс морской геологии	Леонтьев, Олег Константинович.	1963	Краткий курс морской геологии : учебное пособие / О. К. Леонтьев. - [Москва] : Изд-во Московского университета, 1963. - 464 с. : ил. - Библиогр.: с. 446-461\n. - Текст : непосредственный.	эндогенные факторы -- морская геология -- геологическая структура дна -- экзогенные геологические факторы -- осадочный материал -- классификация морских отложений -- морские берега -- подводная окраина материков -- ложе океана -- происхождение и история океанов -- проблемы морской геологии	геология	Изд-во Московского университета	\N	551.46	\N	\N	https://library.dvfu.ru/lib/document/EK/0E9F7392-B82F-4ABB-8961-1E3EB3F801CE/	EK	0E9F7392-B82F-4ABB-8961-1E3EB3F801CE	0
222	Управление биологическими системами: Надорганизменный уровень	Фролов, Ю. П.	2002	Управление биологическими системами: Надорганизменный уровень : Учеб. пособие / Фролов Ю.П., Розенберг Г.С.; Под ред. Фролов Ю.П.; Самар.ун-т ; Самар.ун-т. - Самара : Изд-во Самарского университета, 2002. - 192 c.\n. - ISBN 5864652105. - Текст : непосредственный.	учебные пособия -- биофизика -- управление системами -- молекулярная биология -- теория систем -- биотехнологии -- биохимия -- ОУ -- ферменты -- УЛ -- биологические системы	биология	Изд-во Самарского университета	5864652105	577.4(075.8	\N	\N	https://library.dvfu.ru/lib/document/EK/6A6293D0-E40F-4C04-A6EE-BDB27A59D284/	EK	6A6293D0-E40F-4C04-A6EE-BDB27A59D284	0
227	Курс современной органической химии	Березин, Борис Дмитриевич.	2003	Курс современной органической химии : учебное пособие для вузов по химико-технологическим специальностям / Б. Д. Березин, Д. Б. Березин. - Изд. 2-е, испр. - Москва : Высшая школа, 2003. - 767, [1] c. : ил., табл. - Библиогр. : с. 756. - Предметный указ. : с. 757-765\n. - ISBN 5060036308. - Текст : непосредственный.	органическая химия -- Органические соединения -- углеводороды -- производные углеводородов -- биохимия -- органические реакции	химия	Высшая школа	5060036308	547(075.8)	\N	\N	https://library.dvfu.ru/lib/document/EK/6FA283C6-74B4-4A97-866C-E7A138075529/	EK	6FA283C6-74B4-4A97-866C-E7A138075529	0
161	Программирование в Maple	не указан	2007	Программирование в Maple : учебное пособие для вузов / А. Р. Есаян, В. Н. Чубариков, Н. М. Добровольский [и др.] ; Тульский государственный педагогический университет. ; Тульский государственный педагогический университет. - Тула : Изд-во Тульского педагогического университета, 2007. - 334 с. : ил., табл. - Библиогр. : с. 327.\n. - ISBN 9785879544206. - Текст : непосредственный.	Maple-система -- символьные вычисления Maple -- числовые вычисления Maple -- маплеты -- пакеты Elements -- пакеты Utilities -- модули (информационные технологии) -- магические квадраты (информационные технологии)	информатика	Изд-во Тульского педагогического университета	9785879544206	004.42(075.8)	\N	MAPLE, пакет прикладных программ--учебные издания для вузов	https://library.dvfu.ru/lib/document/EK/E4199D75-F2DB-49E8-B3C5-F77AF476559A/	EK	E4199D75-F2DB-49E8-B3C5-F77AF476559A	0
162	Java 2. Библиотека профессионала	не указан	2007	Хорстманн, Кей С \n Java 2. Библиотека профессионала / Кей С. Хорстманн, Гари Корнелл ; [пер. с англ. В. В. Вейтмана]. - 7-е изд. - Москва : Вильямс, 2007 - .\n т. 2 : Тонкости программирования. - 1166 с. : ил. - Парал. тит. л. на англ. яз.\n. - ISBN 9785845910332	языки программирования -- Java -- многопоточность (программирование) -- JavaBeans -- XML -- JDK 5.0	информатика	Вильямс	9785845910332	\N	\N	программирование--Java--монографии	https://library.dvfu.ru/lib/document/EK/21F22378-EA76-4CBD-B887-1D20427AD0E5/	EK	21F22378-EA76-4CBD-B887-1D20427AD0E5	0
169	Курс компьютерной технологии с основами информатики	Ефимова, Ольга Вячеславовна	2002	Курс компьютерной технологии с основами информатики : учебное пособие для старших классов / О. Ефимова, В. Морозов, Н. Угринович. - Москва : АСТ : ABF, 2002. - 431 с. : ил., табл.\n. - ISBN 5170033230. - ISBN 5874840753. - Текст : непосредственный.	информация -- кодирование информации -- логические элементы (информационные технологии) -- информационные модели -- объектно-ориентированное моделирование -- объектно-ориентированное программирование -- алгоритмизация (информационные технологии) -- компьютеры персональные, архитектура -- программное обеспечение компьютеров -- Windows 98, операционная система -- локальные вычислительные сети -- INTERNET, глобальная информационная сеть -- электронная почта -- телеконференцим -- текстовые редакторы -- графические редакторы -- электронные таблицы -- базы данных -- модели данных (информационные технологии) -- тесты учебные (информатика)	информатика	АСТ : ABF	5170033230, 5874840753	004(075.3)	\N	информатика--учебные издания\nинформационные технологии--учебные издания\nкомпьютеры персональные--программное обеспечение--учебные издания	https://library.dvfu.ru/lib/document/EK/B7ECC178-1A73-4ABE-A0EF-0BBCE716B451/	EK	B7ECC178-1A73-4ABE-A0EF-0BBCE716B451	0
174	Освой самостоятельно XML за 21 день	Шеперд, Деван	2002	\N	программирование -- XML -- программные продукты -- языки разметки -- персональные компьютеры -- программное обеспечение	информатика	Вильямс	\N	\N	\N	\N	https://library.dvfu.ru/lib/document/EK/9C4F3E1E-A677-46C0-9038-4A112AC79A04/	EK	9C4F3E1E-A677-46C0-9038-4A112AC79A04	0
179	Освой самостоятельно UML за 24 часа	не указан	2002	\N	диаграммы -- вычислительная техника -- UML -- НЛ -- программирование -- программные продукты -- объектно-ориентированное программирование\nСвободных экз. нет\nQR-код документа	информатика	Вильямс	5845902657	\N	\N	\N	https://library.dvfu.ru/lib/document/EK/331F0DC4-AA00-421A-BF4D-B1A463270C3E/	EK	331F0DC4-AA00-421A-BF4D-B1A463270C3E	0
228	От нейрона к мозгу	Мартин, Роберт Николлс, Джон. Валлас, Брюс. Балабан, П. М. \\пер.\\ Экземпляры всего	2003	От нейрона к мозгу / Дж. Г. Николлс, А. Р. Мартин, Б. Дж. Валлас [и др.] ; [пер. с англ. П. М. Балабана и др.]. - Москва : Едиториал УРСС, 2003. - 671 c., [2] л. ил. : ил. - Библиогр. в конце гл.\n. - ISBN 5354001625.\n Парал. тит. л. на англ. яз.	нервная система -- физиология мозга -- головной мозг -- нейрональная сигнализация -- ионные каналы -- нейробиология -- молекулярная биохимия -- человеческий мозг -- биология нейронов -- клеточная биология	биология	Едиториал УРСС	5354001625	572	\N	\N	https://library.dvfu.ru/lib/document/EK/33785649-817F-461E-9BBE-702489A44BC8/	EK	33785649-817F-461E-9BBE-702489A44BC8	0
175	Обнаружение хакерских атак	не указан	2002	Обнаружение хакерских атак / Дж. Чирилло. - Санкт-Петербург : Питер, 2002. - 862 c. + 1 CD-ROM. - (Для профессионалов). - Парал. тит. л. на англ. яз.\n. - ISBN 5318005330. - Текст : непосредственный.	хакеры -- хакерские атаки -- программное обеспечение -- хакерство -- электронный шпионаж -- хакерское программирование -- оптические диски	информатика	Питер	5318005330	\N	\N	\N	https://library.dvfu.ru/lib/document/EK/7F45A499-060A-4CEC-A7DB-CA6436548F01/	EK	7F45A499-060A-4CEC-A7DB-CA6436548F01	0
170	Математические методы и модели в управлении	Шикин, Евгений Викторович	2002	Математические методы и модели в управлении : учебное пособие для управленческих специальностей вузов / Е. В. Шикин, А. Г. Чхартишвили ; Московский государственный университет, Факультет государственного управления. - Москва : Дело, 2002. - 439 с. : ил., табл. - (Наука управления)\n. - ISBN 5774901645. - Текст : непосредственный.	линейное программирование -- управление запасами -- управленческие решения -- сетевая оптимизация -- математические методы -- математические модели	математика	Дело	5774901645	\N	\N	управление--математическое моделирование--учебные издания для вузов	https://library.dvfu.ru/lib/document/EK/A03DE230-7218-4D0F-9CCF-208577859D46/	EK	A03DE230-7218-4D0F-9CCF-208577859D46	0
180	Освой самостоятельно объектно-ориентированное программирование за 21 день	Синтес, Антони	2002	Освой самостоятельно объектно-ориентированное программирование за 21 день / Антони Синтес ; [пер. с англ. А. И. Захарова и др.]. - Москва : Вильямс, 2002. - 671 c. : ил.\n. - ISBN 5845902819. - Текст : непосредственный.\n Парал. тит. л. на англ. яз. Приложения : с. 501-665. Предметный указатель : с. 666-671.	объектно-ориентированное программирование -- объектно-ориентированный анализ -- инкапсуляция (программирование) -- абстракция (программирование) -- наследование (программирование) -- полиморфизм (программирование) -- шаблоны компьютерного проектирования -- пользовательский интерфейс -- программное обеспечение объектно-ориентированное -- тестирование элементов программ	информатика	Вильямс	5845902819	004.42.045	\N	вычислительные системы--программирование объектно-ориентированное	https://library.dvfu.ru/lib/document/EK/C615E644-A9CE-4310-82D7-8E47DBD2624D/	EK	C615E644-A9CE-4310-82D7-8E47DBD2624D	0
230	Курс современной органической химии	Березин, Борис Дмитриевич.	1999	Курс современной органической химии : учебное пособие для вузов по химико-технологическим специальностям / Б. Д. Березин, Д. Б. Березин. - Москва : Высшая школа, 1999. - 767, [1] c. : ил., табл. - Библиогр. : с. 756\n. - ISBN 5060036308. - Текст : непосредственный.	ароматические соединения -- органические реакции -- биохимия -- производные углеводородов -- синтез углеводородов -- химическая связь -- Органические соединения -- комплексные соединения -- органическая химия -- углеводороды	химия	Высшая школа	5060036308	547(075.8)	\N	\N	https://library.dvfu.ru/lib/document/EK/FE00E7FB-52A0-421A-BB83-BE0D8B55DF09/	EK	FE00E7FB-52A0-421A-BB83-BE0D8B55DF09	0
231	Основы биохимии	Филиппович, Юрий Борисович.	1999	Основы биохимии : [Учеб. для хим. и биол. спец. пед. ун-тов и ин-тов] / Филиппович Ю.Б. - 4-е, перераб. и доп. изд. - Москва : Агар, 1999. - 507 c.\n. - ISBN 5892180468. - Текст : непосредственный.	учебники -- биохимия -- биотехнология	биология	Агар	5892180468	577(075.8)	\N	\N	https://library.dvfu.ru/lib/document/EK/A61797DC-D372-4D6C-84CF-B426BEE5F256/	EK	A61797DC-D372-4D6C-84CF-B426BEE5F256	0
171	Методы и модели в экономике	Старовойтова, Зоя Павловна	2005	Методы и модели в экономике : учебное пособие для экономических специальностей вузов региона / З. П. Старовойтова, В. В. Лихачева ; Дальневосточный государственный технический рыбохозяйственный университет. - Владивосток : [б. и.], 2005. - 134 с. : табл.\n. - ISBN 5888713066. - Текст : непосредственный.	нелинейное программирование (экономика) -- целочисленное программирование -- игр теория (экономика) -- математические модели (экономика) -- линейное программирование (экономика) -- матричные игры	математика	[б. и.]	5888713066	519.866(075.8)	65в63я73	эконометрика--учебные издания для вузов\nэкономико-математическое моделирование--учебные издания для вузов\nматематическая экономика--учебные издания для вузов	https://library.dvfu.ru/lib/document/EK/E46B4B8C-D484-4330-9DE4-0ECD5501A98B/	EK	E46B4B8C-D484-4330-9DE4-0ECD5501A98B	0
181	Основные концепции структур данных и реализации в C++	не указан	2002	Основные концепции структур данных и реализации в C++ / Кен Браунси ; [пер. с англ. В. В. Вейтмана]. - Москва : Вильямс, 2002. - 319 c. : ил. - (Основы вычислительных систем.). - Парал. тит. л. на англ. яз.\n. - ISBN 5845903130. - Текст : непосредственный.	программирование -- C++, язык программирования -- языки программирования -- рекурсия -- итераторы (программирование) -- графы (программирование) -- компьютерные программы	информатика	Вильямс	5845903130	681.3.06:4	32.973-018.2	\N	https://library.dvfu.ru/lib/document/EK/767ADE2A-100F-4A0F-B6F0-8F5D4759F6B2/	EK	767ADE2A-100F-4A0F-B6F0-8F5D4759F6B2	0
173	Моделирование бизнес-процессов с BPwin 4.0	не указан	2002	\N	программирование -- вычислительная техника -- НЛ -- BPwin 4.0 -- диаграммы\nСвободных экз. нет\nQR-код документа	информатика	Диалог-МИФИ	5864041653	\N	\N	\N	https://library.dvfu.ru/lib/document/EK/10CA5E07-ADE7-4DB5-A8BF-E3D18548E4FF/	EK	10CA5E07-ADE7-4DB5-A8BF-E3D18548E4FF	0
178	Освой самостоятельно ASP.Net за 21 день	Пейн, Крис	2002	Освой самостоятельно ASP.Net за 21 день / Крис Пейн ; [пер. с англ. В. Г. Барышникова и др.]. - Москва : Вильямс, 2002. - 824 c. : ил. - Парал. тит. л. на англ. яз. - Прил. : с. 720-819. - Предметный указатель : с. 820-824\n. - ISBN 5845902800. - Текст : непосредственный.	Web-страницы -- Web-программирование -- Web-приложения -- Web-формы -- базы данных -- Web-службы -- ADO.NET -- файлы в ATP.NET -- Web-серверы -- кеширование в ATP.NET -- Microsoft Visual Basic .NET -- базы данных в ATP.NET -- связь с ATP.NET -- обработка данных (информационные технологии)	информатика	Вильямс	5845902800	004.42:004.738.5	\N	ACTIVE SERVER PAGES. NET, система программирования	https://library.dvfu.ru/lib/document/EK/D3BA9688-E108-4701-AFC2-23114558526E/	EK	D3BA9688-E108-4701-AFC2-23114558526E	0
103	Атмосферные процессы и вращение Земли	Сидоренков, Николай Сергеевич.	2002	Атмосферные процессы и вращение Земли / Н. С. Сидоренков. - Санкт-Петербург : Гидрометеоиздат, 2002. - 367 с. : ил., табл. - Библиогр.: с. 348-360\n. - ISBN 5286014658. - Текст : непосредственный.	физика атмосферы -- воздушные массы -- циркуляция атмосферы -- геология -- эклиптика -- геофизика -- движение Земли -- движение полюсов -- приливы Земли	геология	Гидрометеоиздат	5286014658	551.465.71	\N	атмосфера--физика\nЗемля, планета	https://library.dvfu.ru/lib/document/EK/2658AE02-EADD-4949-9667-FFF0AAA12F30/	EK	2658AE02-EADD-4949-9667-FFF0AAA12F30	0
204	Диссипативные структуры в реакционно-диффузионных системах. Эксперимент и теория	Ванаг, Владимир Карлович.	2008	Диссипативные структуры в реакционно-диффузионных системах. Эксперимент и теория / Владимир К. Ванаг. - Москва : Изд-во Института компьютерных исследований ; Ижевск : Регулярная и хаотическая динамика, 2008. - 300 с. : ил.\n. - ISBN 9785939726580. - Текст : непосредственный.	диссипативные структуры -- химические реакционно-диффузные системы -- динамические системы -- диффузионные нестабильности -- неравновесные открытые системы -- волновая механика -- спиральные волны -- антиволны -- Тьюринга структуры -- стоячие волны -- делящиеся пятна -- колебательные кластеры -- сегментные спирали -- реальные химические системы -- реакционно-диффузионные уравнения -- взаимодействующие нестабильности -- оптические диски	физика	Изд-во Института компьютерных исследований ; Ижевск : Регулярная и хаотическая динамика	9785939726580	530.1	\N	основные теории физики--волновая механика--диссипативные структуры--монографии\nфизическая химия--термодинамическая теория химического равновесия--неравновесные системы--реакционно-диффузные системы--монографии\nдинамических систем теория--диссипативные структуры--математические модели--монографии	https://library.dvfu.ru/lib/document/EK/E58F0D6E-469E-4081-9D29-0E540A5DB840/	EK	E58F0D6E-469E-4081-9D29-0E540A5DB840	0
210	Атласная картография	Сваткова, Татьяна Григорьевна.	2002	Атласная картография : учебное пособие / Т. Г. Сваткова, [ред. Р. С. Берлянт]. - Москва : Аспект Пресс, 2002. - 204 с. : ил., табл. - Библиогр. : с. 202.\n. - ISBN 5756702628. - Текст : непосредственный.	географические атласы -- атласы -- геодезия -- география -- социально-географические исследования -- геоинформация -- атласная картография -- политическая карта -- геология -- создание атласов	геология	Аспект Пресс	5756702628	912(084.4)	\N	картография атласная--учебные издания для вузов	https://library.dvfu.ru/lib/document/EK/D50EC57F-BA4C-4468-8F37-4FE9A9DF18C4/	EK	D50EC57F-BA4C-4468-8F37-4FE9A9DF18C4	0
183	Античный гностицизм. Фрагменты и свидетельства	Афонасин, Евгений Васильевич.	2002	Античный гностицизм. Фрагменты и свидетельства / Е. В. Афонасин. - Санкт-Петербург : Изд-во Олега Абышко, 2002. - 368 с. - (Библиотека христианской мысли. Источники). - Загл. обл. : "В начале было...": Античный гностицизм в свидетельствах христианских апологетов. - Библиогр. : с. 341-365\n. - Текст : непосредственный.	история философии -- логос -- философия -- античная философия -- раннехристианская философия -- гностические школы -- библейская история -- гностический миф -- Биневский, Александр Александрович (библиотека)	философия	Изд-во Олега Абышко	\N	\N	87.3(0)323-274	философия античная--гностицизм	https://library.dvfu.ru/lib/document/EK/AB0B52A9-B688-42BE-B415-86A3CD75ABE5/	EK	AB0B52A9-B688-42BE-B415-86A3CD75ABE5	0
211	Петрология гранитоидов и дифференциация расплавов в малоглубинных условиях (Восточно-Сихотэ-Алинский вулканический пояс)	Валуй, Галина Александровна.	2014	Петрология гранитоидов и дифференциация расплавов в малоглубинных условиях (Восточно-Сихотэ-Алинский вулканический пояс) / Г. А. Валуй ; [отв. ред. В. Г. Сахно] ; Российская академия наук, Дальневосточное отделение, Дальневосточный геологический институт. ; Дальневосточный геологический институт (Владивосток). - Владивосток : Дальнаука, 2014. - 245 с. : ил., фотоил., табл. - Библиогр. : с. 218-231. - Парал. тит. л. на англ. яз.\n. - ISBN 9785804414536. - Текст : непосредственный.	Восточно-Сихотэ-Алинский вулканический пояс -- гранитоидные интрузивы -- магматические расплавы -- генезис автолитов -- генерация гранитоидов -- расслоение расплавов -- дифференциация гранитоидов	геология	Дальнаука	9785804414536	552.321.1(235.47)	\N	гранитоиды--Сихотэ-Алинь, горный хребет--монографии\nСихотэ-Алинь, горная страна (Дальний Восток РФ)--геология	https://library.dvfu.ru/lib/document/EK/99BCAFF3-B8C3-4356-935E-F9F5913D8B3F/	EK	99BCAFF3-B8C3-4356-935E-F9F5913D8B3F	0
190	Введение в политическую науку	Бенетон, Филипп.	2002	Введение в политическую науку : пер. с фр. / Ф. Бенетон. - Москва : Весь мир, 2002. - 367 c. - (Тема). - Библиогр. в примеч. - Парал. загл. на англ. яз.\n. - ISBN 5777701183. - Текст : непосредственный.	тоталитаризм -- демократия -- идеологии политические -- МИОН -- политические режимы -- политическая философия -- политология -- политика	философия	Весь мир	5777701183	\N	66.0	политическая наука	https://library.dvfu.ru/lib/document/EK/BC484204-478D-490B-8836-F2F322846D58/	EK	BC484204-478D-490B-8836-F2F322846D58	0
177	Практический курс математического и компьютерного моделирования	Зенкин, В. И.	2006	Практический курс математического и компьютерного моделирования : учебно-практическое пособие / В. И. Зенкин ; Российский государственный университет. - [Калининград] : Изд-во Российского университета, 2006. - 151 с. : ил. - Библиогр. : с. 150-151.\n. - ISBN 5888747327.	структурное программирование -- программирование математическое	математика	Изд-во Российского университета	5888747327	519.854.6(075.8)	\N	компьютерное моделирование--учебные пособия\nматематическое моделирование--учебные издания для вузов	https://library.dvfu.ru/lib/document/EK/7518C8C7-86A9-4793-8DBD-A32114D17830/	EK	7518C8C7-86A9-4793-8DBD-A32114D17830	0
105	Водный промысел. Первое промышленное радиохимическое производство в России	Жуковский, Владимир Михайлович	2002	Водный промысел. Первое промышленное радиохимическое производство в России / В. М. Жуковский ; Уральский государственный университет ; [ред. Г. К. Моисеев]. ; Уральский государственный университет (Екатеринбург). - Екатеринбург : Изд-во Уральского университета, 2002. - 96 c.\n. - ISBN 5758400513. - Текст : непосредственный.	радиоактивность -- радий -- ГУЛАГ -- НЛ -- радиохимическое производство -- радиевые препараты -- радиохимическая промышленность -- ядерная физика	химия	Изд-во Уральского университета	5758400513	\N	65.30	\N	https://library.dvfu.ru/lib/document/EK/5C0D4E6F-D1A5-47AB-91BF-E37C44A3B589/	EK	5C0D4E6F-D1A5-47AB-91BF-E37C44A3B589	0
109	Квантовая теория явлений электронного переноса в кристаллических полупроводниках	Зырянов, Павел Степанович	1976	Квантовая теория явлений электронного переноса в кристаллических полупроводниках / П. С. Зырянов, М. И. Клингер. - Москва : Наука, 1976. - 480 с.\n. - Текст : непосредственный.	теоретическая физика -- явления электронного переноса -- полупроводники -- кристаллические полупроводники -- теория линейного переноса -- квантовая теория переноса -- термогальваномагнитные явления -- горячие электроны -- перенос заряда	физика	Наука	\N	530	\N	\N	https://library.dvfu.ru/lib/document/EK/3016441F-4546-4184-8854-D866B241ED10/	EK	3016441F-4546-4184-8854-D866B241ED10	0
111	Избранные труды	не указан	2002	Марков, Андрей Андреевич \n Избранные труды : в 2 томах / А. А. Марков ; составление и общая редакция Н. М. Нагорного. - Москва : Изд-во Московского центра непрерывного математического образования, 2002. - ISBN 5940570445.\n Т. 1 : Математика, механика, физика. - 2002. - 477 c., [1] л. порт. : ил. - Библиогр.: с. 475-476\n. - ISBN 5940570437\n Комментарии: с. 460-475	дефинитные функции -- евклидовы пространства -- математика -- математическая топология -- механика -- интегральный инвариант -- векторные пространства -- топологические группы -- физика -- алгебра	математика	Изд-во Московского центра непрерывного математического образования	5940570437	51	\N	\N	https://library.dvfu.ru/lib/document/EK/7C8050DA-E2AA-475F-BC0A-8B3FC7B0FD24/	EK	7C8050DA-E2AA-475F-BC0A-8B3FC7B0FD24	0
191	Внутреннее созерцание. Плоды мудрости. Форум: вопросы и ответы	Лайтман, Михаэль.	2002	\N	философия -- иудаизм -- духовное рождение -- внутреннее созерцание -- мироздание -- НЛ -- Каббала -- религиоведение	философия	Древо жизни	5902172039	\N	\N	\N	https://library.dvfu.ru/lib/document/EK/F0F37A90-C8D4-4A08-9076-4811C24C6E1C/	EK	F0F37A90-C8D4-4A08-9076-4811C24C6E1C	0
130	Выпускной экзамен по алгебре и началам анализа	Пак, Геннадий Константинович	2002	Выпускной экзамен по алгебре и началам анализа / Г. К. Пак ; Дальневосточный государственный университет, Институт математики и компьютерных наук. - 4-е, доп. изд. - Владивосток : Изд-во Дальневосточного университета, 2002. - 80 с.\n. - Текст : непосредственный.	алгебра -- начала анализа (математика) -- решение уравнений -- экзаменационные работы по математике	математика	Изд-во Дальневосточного университета	\N	512.1(075)	\N	\N	https://library.dvfu.ru/lib/document/EK/A1F63CE3-8A46-4107-A1EB-D684A29ED35F/	EK	A1F63CE3-8A46-4107-A1EB-D684A29ED35F	0
136	1 августа 1914	Яковлев, Николай Николаевич	1914	1 августа 1914 / Николай Яковлев. - Москва : ЭКСМО : Алгоритм, 2002. - 351 с. - (Новейшая история)\n. - ISBN 5699015744. - Текст : непосредственный.	Февральская революция -- первая мировая война 1914-1918 -- белая эмиграция -- Брусиловский прорыв -- российская буржуазия -- масоны -- российская эмиграция -- самодержавие	история	ЭКСМО : Алгоритм	5699015744	\N	63.3(2)	\N	https://library.dvfu.ru/lib/document/EK/65E06E31-D06E-4422-93DF-9D23433E69A4/	EK	65E06E31-D06E-4422-93DF-9D23433E69A4	0
133	"Аристократическая" оппозиция Великим реформам: конец 1850 - середина 1870-х гг.	Христофоров, Игорь Анатольевич	2002	"Аристократическая" оппозиция Великим реформам: конец 1850 - середина 1870-х гг. / И. А. Христофоров ; [отв. ред. Л. Г. Захарова]. - Москва : Русское слово, 2002. - 431 c., [8] л. ил. : портр. - Библиогр. : с. 383-396\n. - ISBN 5948530175. - Текст : непосредственный.	история России -- реформы -- консерватизм -- внутренняя политика России -- оппозиционные движения -- земская реформа -- аристократы -- общественные движения -- дворянство -- тайная полиция в России -- общественно-политическая борьба	история	Русское слово	5948530175	\N	63.3(2)47	\N	https://library.dvfu.ru/lib/document/EK/F083D85D-964B-4269-AFC2-E43F834C8B3D/	EK	F083D85D-964B-4269-AFC2-E43F834C8B3D	0
144	Адаптация и обучение в робототехнике	Козлов, Юлен Маркович	1990	Адаптация и обучение в робототехнике / Ю. М. Козлов. - Москва : Наука, 1990. - 245 с. : ил., табл. - (Научные основы робототехники). - Библиогр. : с. 235-241.\n. - ISBN 5020140996. - Текст : непосредственный.	робототехника -- техническое зрение -- системы управления адаптивных роботов -- искусственный интеллект -- автоматизация производства -- роботы -- адаптивные робототехнические системы	инженерное дело	Наука	5020140996	621.865.8	\N	\N	https://library.dvfu.ru/lib/document/EK/5BD05185-7C4B-450B-9CBE-5D90CF48EFCC/	EK	5BD05185-7C4B-450B-9CBE-5D90CF48EFCC	0
158	Базы данных и UML	не указан	2002	\N	НЛ -- объектно-реляционные базы данных -- базы данных -- UML -- объектно-ориентированное программирование -- вычислительная техника\nСвободных экз. нет\nQR-код документа	информатика	ЛОРИ	\N	\N	\N	\N	https://library.dvfu.ru/lib/document/EK/87CEC2F0-8610-48C1-BCC6-850BB2B57DD5/	EK	87CEC2F0-8610-48C1-BCC6-850BB2B57DD5	0
164	Командные файлы и сценарии Windows Script Host	Попов, Андрей	2002	\N	программирование -- компьютерные программы -- командные файлы -- операционные системы -- Windows Script Host -- утилиты -- объекты ActiveX	информатика	[БХВ-Петербург]	5941570929	\N	\N	\N	https://library.dvfu.ru/lib/document/EK/DE6A6CC3-8FEE-44F2-B738-81568B89AEE3/	EK	DE6A6CC3-8FEE-44F2-B738-81568B89AEE3	0
167	Математические методы регионального программирования	не указан	1989	Математические методы регионального программирования / В. Р. Хачатуров. - Москва : Наука, 1989. - 304 c. - (Экономико-математическая библиотека)\n. - ISBN 5020139858. - Текст : непосредственный.	региональное программирование (математика) -- линейное программирование -- размещение предприятий (математика) -- прикладная математика -- математическая экономика	математика	Наука	5020139858	519.86	\N	\N	https://library.dvfu.ru/lib/document/EK/5DB9EE32-568F-4C2A-85B4-3B14B9984D26/	EK	5DB9EE32-568F-4C2A-85B4-3B14B9984D26	0
185	Боги и герои Древней Греции	Лосев, Алексей Федорович.	2002	\N	история философии -- философия -- античные боги -- античная философия -- НЛ -- философия Древней Греции -- античные герои	история	Слово/Slovo	\N	\N	\N	\N	https://library.dvfu.ru/lib/document/EK/2AFAA01D-4E7F-4C74-9F2B-E6C40AFC32BB/	EK	2AFAA01D-4E7F-4C74-9F2B-E6C40AFC32BB	0
186	Бытие и время : пер. с нем	Хайдеггер, Мартин.	2002	\N	немецкая философия -- время -- бытие -- НЛ -- онтология -- метафизика	философия	Наука	5020268399	\N	\N	\N	https://library.dvfu.ru/lib/document/EK/C9D7BAE4-E08B-4CE2-9740-44220BBD09C9/	EK	C9D7BAE4-E08B-4CE2-9740-44220BBD09C9	0
187	Буддизм в сравнении с христианством [текст] : т. 1 : Священныя книга буддизма : происхождение, состав и характерныя...	Кожевников, В. А.	2002	\N	религии Востока -- буддизм -- НЛ -- Будда -- религиоведение -- христианство -- буддистская философия	философия	Грааль	5946880470	\N	86.3	\N	https://library.dvfu.ru/lib/document/EK/77E08788-91B8-44AC-8A25-6C1A5C975368/	EK	77E08788-91B8-44AC-8A25-6C1A5C975368	0
110	Избранные проблемные вопросы механики деформируемых сред	Быковцев, Геннадий Иванович	2002	Избранные проблемные вопросы механики деформируемых сред : сборник статей / Г. И. Быковцев ; [ред. кол.: В. П. Мясников (гл. ред.) и др.]. - Владивосток : Дальнаука, 2002. - 565 с. : ил., портр., табл. - Библиогр. в конце ст.\n. - ISBN 580440282X. - Текст : непосредственный.	деформируемые среды -- динамика деформируемых сред -- деформации (физика) -- сборники научных трудов -- Механика деформируемых тел -- механика разрушения -- строение материи	физика	Дальнаука	580440282X	539.3	\N	механика--сборники научных трудов	https://library.dvfu.ru/lib/document/EK/A2FBCE5B-02DB-4648-9B52-2C64DF53D1AA/	EK	A2FBCE5B-02DB-4648-9B52-2C64DF53D1AA	0
115	Антидемпинговый процесс	Шепенко, Роман Алексеевич	2002	Антидемпинговый процесс / Р. А. Шепенко ; Академия народного хозяйства при Правительстве Российской Федерации. - Москва : Дело, 2002. - 615 с.\n. - ISBN 5774902366. - Текст : непосредственный.	импортные пошлины -- антидемпинговый процесс -- материальный ущерб -- Всемирная торговая организация -- демпинговые цены -- антидемпинг -- международные торговые отношения -- внешняя торговля	экономика	Дело	5774902366	\N	65.428 + У584.3	национальная экономика--международные торговые отношения	https://library.dvfu.ru/lib/document/EK/B4963054-CA24-4D30-9D27-3ED162052BCB/	EK	B4963054-CA24-4D30-9D27-3ED162052BCB	0
188	Буддизм в сравнении с христианством	Кожевников, В. А	2002	Кожевников, В. А \n Буддизм в сравнении с христианством / В. А. Кожевников. - Москва : Грааль, 2002 - .\n т. 1 : Священныя книга буддизма : происхождение, состав и характерные черты их. Жизнь и легенда Будды. - 564 c.\n. - ISBN 5946880470	буддистская философия -- МИОН -- христианство -- Будда -- религиоведение -- религии Востока -- буддизм	философия	Грааль	5946880470	\N	86.3	\N	https://library.dvfu.ru/lib/document/EK/76C5706C-C6DF-4DC3-9172-C01D0CC954FE/	EK	76C5706C-C6DF-4DC3-9172-C01D0CC954FE	0
125	Аналитическая геометрия	Канатников, Анатолий Николаевич	2002	Аналитическая геометрия : учебник для втузов / А. Н. Канатников, А. П. Крищенко ; под ред. В. С. Зарубина, А. П. Крищенко. - 3-е изд. - Москва : Изд-во Московского технического университета, 2002. - 387 с. : ил. - (Математика в техническом университете ; вып. 3). - Библиогр.: с. 375-376\n. - ISBN 5703816718. - ISBN 5703812704. - Текст : непосредственный.	алгебраические уравнения -- матрицы -- векторы -- векторная алгебра -- геометрия -- теория определителей -- теория матриц -- линейные уравнения -- матричная алгебра -- системы линейных алгебраических уравнений -- СЛАУ (системы линейных алгебраических уравнений) -- численные методы решения СЛАУ -- кривые второго порядка -- поверхности второго порядка	математика	Изд-во Московского технического университета	5703816718, 5703812704	514.12(075.8)	\N	аналитическая геометрия--учебные издания для вузов	https://library.dvfu.ru/lib/document/EK/01594C8B-4D35-46E1-AAEA-C1EBABE2E666/	EK	01594C8B-4D35-46E1-AAEA-C1EBABE2E666	0
126	Дискретная математика для инженера	Кузнецов, Олег Петрович	2014	Дискретная математика для инженера / О. П. Кузнецов. - Изд. 6-е, стер. - Санкт-Петербург : Лань, 2014. - 395 с. : ил., табл. - (Учебники для вузов. Специальная литература). - Библиогр. : с. 388-389.\n. - ISBN 9785811405701. - Текст : непосредственный.	множеств теория -- общая алгебра -- математические операции -- логические функции -- логика предикатов -- алгоритмов теория -- рекурсивные функции -- Тьюринга машины -- формальные системы -- исчисление предикатов -- математическое исчисление -- логическое исчисление -- формальные грамматики -- семантика формальных языков -- вычислительная сложность	математика	Лань	9785811405701	519.1(075)	\N	дискретная математика--учебные издания\nграфов теория--учебные издания	https://library.dvfu.ru/lib/document/EK/D640E67A-00FC-468F-9C8B-589F22303FCD/	EK	D640E67A-00FC-468F-9C8B-589F22303FCD	0
127	Вариационное исчисление. Задачи и примеры с подробными решениями	Краснов, Михаил Леонтьевич	2002	Вариационное исчисление. Задачи и примеры с подробными решениями : учебное пособие для втузов / М. Л. Краснов, Г. И. Макаренко, А. И. Киселев. - Изд. 2-е, испр. - Москва : Едиториал УРСС, 2002. - 166 c. : ил. - (Вся высшая математика в задачах)\n. - ISBN 5354000157. - Текст : непосредственный.	Эйлера уравнения -- математические функции -- задачи вариационного исчисления -- экстремум функционалов -- Лагранжа множителей метод -- Гамильтона-Якоби теория	математика	Едиториал УРСС	5354000157	517.972/.974(075.8)	\N	вариационное исчисление--задачи--решение--учебные издания для вузов	https://library.dvfu.ru/lib/document/EK/B47A6989-2CF8-40AD-9D87-3FE62E02E201/	EK	B47A6989-2CF8-40AD-9D87-3FE62E02E201	0
129	Векторный анализ. Задачи и примеры с подробными решениями	Краснов, Михаил Леонтьевич	2002	Векторный анализ. Задачи и примеры с подробными решениями : учебное пособие для втузов / М. Л. Краснов, А. И. Киселев, Г. И. Макаренко. - Изд. 2-е, испр. - Москва : [Едиториал] УРСС, 2002. - 140 c. - (Вся высшая математика в задачах)\n. - ISBN 5354000149. - Текст : непосредственный.	векторное поле -- криволинейные координаты -- потенциальное поле -- задачи (векторный анализ) -- дифференциальные операции -- скалярное поле -- Лапласа оператор -- Гамильтона оператор	математика	[Едиториал] УРСС	5354000149	514.742.4(075.8)	\N	векторный анализ--учебные издания для вузов	https://library.dvfu.ru/lib/document/EK/EE0FA703-11B2-457B-992A-88E0C6BE12C0/	EK	EE0FA703-11B2-457B-992A-88E0C6BE12C0	0
132	Высшая математика	Ильин, Владимир Александрович	2002	Высшая математика : учебник для вузов / В. А. Ильин, А. В. Куркина ; Московский государственный университет. ; Московский государственный университет. - Москва : Проспект, 2002. - 592 c. : ил.\n. - ISBN 5902171296. - Текст : непосредственный.	дифференциалы -- дифференциальные уравнения -- интегралы -- неопределенный интеграл -- линейное программирование -- теория вероятностей -- ряды (математика) -- векторная алгебра -- линейные уравнения -- определенный интеграл -- криволинейные интегралы -- дифференциальное исчисление -- функции (математика) -- системы координат -- аналитическая геометрия -- декартовы координаты -- пределы (математика) -- определители (математика)	математика	Проспект	5902171296	51(075.8)	\N	высшая математика--учебные издания для вузов	https://library.dvfu.ru/lib/document/EK/01D07092-612E-4935-85CC-FFD4E7EB29B6/	EK	01D07092-612E-4935-85CC-FFD4E7EB29B6	0
146	Интеллектуальные информационные системы	Гаскаров, Диляур Вагизович	2003	Интеллектуальные информационные системы : учебник для вузов / Д. В. Гаскаров. - Москва : Высшая школа, 2003. - 431 c. : ил., табл. - Библиогр. : с. 424-429.\n. - ISBN 5060046117. - Текст : непосредственный.	интеллектуальные системы -- информационные системы -- информационно-вычислительные процессы -- экспертные системы -- логика компьютерная -- лингвистика компьютерная -- искусственные системы -- диалоговые системы -- искусственный интеллект -- диалоговые процедуры -- языки описания диалоговых систем -- базы знаний -- искусственный интеллект	информатика	Высшая школа	5060046117	004.89(075.8)	\N	интеллектуальные информационные системы--учебные издания для вузов	https://library.dvfu.ru/lib/document/EK/A68CF81D-7070-4601-BE27-E364C4B8A08D/	EK	A68CF81D-7070-4601-BE27-E364C4B8A08D	0
157	Алгоритмизация и программирование вычислительных задач	Заковряшин, Аркадий Иванович	2002	Алгоритмизация и программирование вычислительных задач : учебное пособие / А. И. Заковряшин. - Москва : Сайнс-Пресс, 2002. - 80 с. : ил. - (Конспекты лекций по радиотехническим дисциплинам ; вып. 5). - Библиогр.: с. 80. - Приложения: с. 55-79\n. - ISBN 5948180085. - Текст : непосредственный.	алгебраические уравнения нелинейные -- действия с матрицами -- алгоритмизация -- вычислительные задачи -- приближенное интегрирование функций -- объектно-ориентированные программы	информатика	Сайнс-Пресс	5948180085	004.42(075.8)	\N	программирование компьютерное--алгоритмы--учебные издания для вузов\nпрограммирование компьютерное--учебные издания для вузов	https://library.dvfu.ru/lib/document/EK/74BE485D-359C-4DB5-A083-0EA3F8FF19D6/	EK	74BE485D-359C-4DB5-A083-0EA3F8FF19D6	0
159	Дискретная математика. Математика для менеджера в примерах и упражнениях	Москинова, Галина Ивановна	2002	Дискретная математика. Математика для менеджера в примерах и упражнениях : учебное пособие для вузов по экономическим и управленческим специальностям и направлениям / Г. И. Москинова. - Москва : Логос, 2002. - 238 c. : ил., табл. - (Учебник для XXI века)\n. - ISBN 5940100163.	математическая экономика -- бинарные отношения -- математическая логика -- алгебра логики -- дискретное программирование -- менеджмент (математическая экономика)	математика	Логос	5940100163	519.1(075.8)	\N	дискретная математика--учебные издания для вузов\nпредприятия (организации, фирмы)--управление--математические методы--учебные издания для вузов	https://library.dvfu.ru/lib/document/EK/C5ABCB34-F35D-46F8-81DB-08752F31D60D/	EK	C5ABCB34-F35D-46F8-81DB-08752F31D60D	0
160	Динамическое программирование в примерах и задачах	Калихман, Исаак Липович	1979	Динамическое программирование в примерах и задачах : учебное пособие для экономических специальностей вузов / И. Л. Калихман, М. А. Войтенко. - Москва : Высшая школа, 1979. - 125 с. : ил., табл. - Библиогр. : с. 124\n. - .	Беллмана уравнение -- задачи оптимизации -- оптимальности принцип -- метод динамического программирования -- прикладные задачи -- модели задач (динамическое программирование) -- задачи оптимального распределения ресурсов -- оптимальное управление запасами, модели -- задачи замены оборудования	математика	Высшая школа	\N	519.857(075.8)	\N	динамическое программирование--задачи--решение--учебные издания для вузов	https://library.dvfu.ru/lib/document/EK/FB0B33A4-3FD2-4CEF-80DD-B0249E7AAEDA/	EK	FB0B33A4-3FD2-4CEF-80DD-B0249E7AAEDA	0
166	Краткая история вычислительной техники и информационных технологий	Норенков, Игорь Петрович	2005	Краткая история вычислительной техники и информационных технологий / И. П. Норенков. - [Москва] : Новые технологии, 2005. - 32 с. : ил. - (Приложение к журналу "Информационные технологии" ; № 9.). - Библиогр. : с. 31-32.\n. - Текст : непосредственный.	архитектура ЭВМ -- персональные компьютеры -- суперкомпьютеры (история) -- программирование (история) -- алгоритмические языки (история) -- интеллектуальные системы (история)	информатика	Новые технологии	\N	004(09)	\N	вычислительная техника--история\nинформационные технологии--история	https://library.dvfu.ru/lib/document/EK/812E03BB-10C7-4487-875C-5F5A601C8CA8/	EK	812E03BB-10C7-4487-875C-5F5A601C8CA8	0
172	Методы оптимизации в примерах и задачах	Пантелеев, Андрей Владимирович	2002	Методы оптимизации в примерах и задачах : учебное пособие для втузов / А. В. Пантелеев, Т. А. Летова. - Москва : Высшая школа, 2002. - 544 c. : ил. - (Прикладная математика для ВТУЗов). - Библиогр. : с. 543-544.\n. - ISBN 5060041379. - Текст : непосредственный.	численные методы -- целочисленное программирование -- вариационное исчисление -- задачи линейного программирования -- задачи вариационного исчисления -- условия экстремума функций -- поиск безусловного экстремума -- поиск условного экстремума	математика	Высшая школа	5060041379	519.85(075.8)	\N	оптимизация--методы--учебные издания для вузов	https://library.dvfu.ru/lib/document/EK/BC430CF6-94E8-4F97-B450-0B6A9408FC99/	EK	BC430CF6-94E8-4F97-B450-0B6A9408FC99	0
176	Основы алгоритмизации и программирования	Голицына, Ольга Леонидовна	2002	Основы алгоритмизации и программирования : учебное пособие для среднего профессионального образования по специальностям информатики и вычислительной техники / О. Л. Голицына, И. И. Попов. - Москва : Форум : Инфра-М, 2002. - 430 c. : ил., табл. - (Профессиональное образование). - Библиогр. : с. 404-405\n. - ISBN 5819900464. - ISBN 5160009922. - Текст : непосредственный.\n Словарь терминов : с. 406-417. Приложения : с. 418-428	компьютерное программирование -- программирование объектно-ориентированное -- программирования систем -- Basic, язык программирования -- Visual Basic, язык программирования -- Delphi, язык программирования -- Pascal, язык программирования -- Turbo C, язык программирования -- разработка программного обеспечения -- разработка приложений Delphi	информатика	Форум : Инфра-М	5819900464, 5160009922	004.421(075.32)	\N	компьютерные программы--алгоритмы--учебные издания\nязыки программирования--учебные издания	https://library.dvfu.ru/lib/document/EK/630625E3-EAE3-4E95-BF62-0700121B93BE/	EK	630625E3-EAE3-4E95-BF62-0700121B93BE	0
102	Ядерный магнитный резонанс в органической химии	Головной совет по органической химии РСФСР	1974	Ядерный магнитный резонанс в органической химии : межвузовский сборник / Головной совет по органической химии РСФСР ; [ред кол. : В. А. Гиндин, Б. А. Ершов (отв. ред.), Б. И. Ионин]. - Ленинград : Изд-во Ленинградского университета, 1974 - .\n вып. 1 / Головной совет по органической химии РСФСР. - 155 с.	ядерный магнитный резонанс -- органическая химия -- таутомерные процессы -- азотистые гетероциклы -- циклопропановые гетероциклы -- спектроскопия -- магнитный резонанс	физика	Изд-во Ленинградского университета	\N	538	\N	\N	https://library.dvfu.ru/lib/document/EK/1DA657BF-6598-4E25-AE87-7134801E0BAF/	EK	1DA657BF-6598-4E25-AE87-7134801E0BAF	0
212	Зональная стратиграфия, событийная корреляция, палеобиогеография перми Северо-Востока Азии (по двустворчатым маллюскам)	Бяков, Александр Сергеевич.	2010	Зональная стратиграфия, событийная корреляция, палеобиогеография перми Северо-Востока Азии (по двустворчатым маллюскам) / А. С. Бяков ; [отв. ред. Б. И. Чувашов] ; Российская академия наук, Дальневосточное отделение, Северо-Восточный комплексный научно-исследовательский институт. ; Северо-Восточный комплексный научно-исследовательский институт (Магадан). - Магадан : [Изд-во Северо-Восточного комплексного научно-исследовательского института ДВО РАН], 2010. - 262 с. : ил., табл. - Библиогр. : с. 238-262. - Парал. тит. л. на англ. яз.\n. - ISBN 9785947291025. - Текст : непосредственный.	стратиграфия перми -- палеобиогеография перми -- двустворчатые моллюски (палеобиогеография) -- корреляция пермских отложений -- пермские отложения -- обстановки осадконакопления -- палеогеология Северо-Восточной Азии -- палеобиология Северо-Восточной Азии	геология	[Изд-во Северо-Восточного комплексного научно-исследовательского института ДВО РАН]	9785947291025	551.736(571.56+571.65)	\N	пермь--стратиграфия--Северо-Восток Азии--научные издания\nСеверо-Восток Азии--геология	https://library.dvfu.ru/lib/document/EK/727280B2-C89E-47DE-AAD1-4FBC855F5750/	EK	727280B2-C89E-47DE-AAD1-4FBC855F5750	0
215	Зональная стратиграфия плиоцен-четвертичных отложений северной половины Атлантического океана по известковому планктону	Былинская, М. Е.	2002	Зональная стратиграфия плиоцен-четвертичных отложений северной половины Атлантического океана по известковому планктону / М. Е. Былинская, Л. А. Головина, В. А. Крашенинников ; [ред. кол. : Ю. Г. Леонов (гл. ред.) и др.] ; Российская академия наук, Геологический институт. - Москва : Научный мир, 2002. - 158 c., [8] л. ил. : ил., табл. - (Труды Геологического института ; вып. 544)\n. - ISBN 5891761858. - Текст : непосредственный.	климатические пояса -- фораминиферы планктонные -- нанопланктон -- океанология -- планктон известковый -- планктон морской -- стратиграфия -- Минеевы (библиотека)	геология	Научный мир	5891761858	551.782:551.7(261)	\N	четвертичные отложения--стратиграфия--Атлантический океан--Северная часть--монографии\nплиоценовые отложения--стратиграфия--Атлантический океан--Северная часть--монографии\nпланктон--Атлантический океан--Северная часть--монографии\nАтлантический океан--геология -- монографии	https://library.dvfu.ru/lib/document/EK/B464C747-FA5D-4BEA-A45E-1073B0DE99F1/	EK	B464C747-FA5D-4BEA-A45E-1073B0DE99F1	0
218	Химия и биохимия нуклеиновых кислот	Терентьева, Наталья Александровна.	2011	Химия и биохимия нуклеиновых кислот : учебное пособие для биологических, химических, медицинских специальностей вузов / Н. А. Терентьева, Л. Л. Терентьев, В. А. Рассказов ; [отв. ред. В. А. Стоник] ; Тихоокеанский институт биоорганической химии Дальневосточного отделения РАН. ; Тихоокеанский институт биоорганической химии (Владивосток). - Владивосток : Дальнаука, 2011. - 268 с. : ил., табл., схем. - Библиогр. : с. 267-268.\n. - ISBN 9785804411894. - Текст : непосредственный.	нуклеозиды -- нуклеотиды -- дезоксирибонуклеиновая кислота (ДНК) -- структура ДНК -- компактизация ДНК -- биосинтез ДНК -- хромосомы -- репликация ДНК -- репарация ДНК -- рибонуклеиновая кислота (РНК) -- биосинтез РНК -- биосинтез белка -- вирусы (биохимия)	биология	Дальнаука	9785804411894	577.113(075.8)	\N	нуклеиновые кислоты--учебные издания для вузов	https://library.dvfu.ru/lib/document/EK/CB70FDE7-1FE8-4519-81F2-C9931D0F5B79/	EK	CB70FDE7-1FE8-4519-81F2-C9931D0F5B79	0
220	Внутриклеточная Ca²+-зависимая протеолитическая система животных	Бондарева, Людмила Александровна.	2006	Внутриклеточная Ca²+-зависимая протеолитическая система животных / Л. А. Бондарева, Н. Н. Немова, Е. И. Кяйвяряйнен ; [отв. ред. Т. А. Валуева] ; Российская академия наук, Карельский научный центр, Институт биологии. ; Институт биологии (Петрозаводск). - Москва : Наука, 2006. - 294 с., [4] л. ил. : ил., табл. - Библиогр. : с. 232-287.\n. - ISBN 5020355682. - Текст : непосредственный.	протеолитическая система животных -- кальций (биохимия) -- кальпаины -- кальпастатины -- белковый обмен -- кальпаиновая система -- гомеостаз кальция -- биохимия животных	биология	Наука	5020355682	577.1	\N	биохимия--протеолитическая система--монографии	https://library.dvfu.ru/lib/document/EK/247F5BDD-282B-4BDC-A2B8-AECB23D7497C/	EK	247F5BDD-282B-4BDC-A2B8-AECB23D7497C	0
221	Тезисы докладов Дальневосточной молодежной школы-конференции по актуальным проблемам химии и биологии	не указан	2004	Тезисы докладов Дальневосточной молодежной школы-конференции по актуальным проблемам химии и биологии / Российская академия наук, Дальневосточное отделение, Тихоокеанский институт биоорганической химии, Дальневосточный государственный университет, НОЦ фундаментальных исследований морской биоты. - Владивосток : Изд-во Дальневосточного отделения РАН, 2004. - 71 л. с. : ил.\n. - ISBN 5744213716. - Текст : непосредственный.	морские бактерии -- полипептиды -- биохимия морских животных -- биотехнологии -- гетероциклическая система -- морские рыбы (биоорганическая химия) -- биохимия -- хинолизидиновые алкалоиды -- бактериальная биолюминесценция -- микробиология -- миксоспоридия -- гидробионты -- паразитология гидробионтов -- прикладная биология -- фитоплактон бухты Золотой Рог -- протеолитические процессы в организме -- гнатииды -- морская биология -- биология моря -- циклодекстриновые силикатные материалов -- азотистые гетероциклы	биология	Изд-во Дальневосточного отделения РАН	5744213716	577.1	\N	биоорганическая химия--современные исследования--конференции\nморская биота--современные биохимические исследования--конференции\nДальний Восток России--биология	https://library.dvfu.ru/lib/document/EK/C5104F6C-2EAF-4E73-94CD-21F609D49251/	EK	C5104F6C-2EAF-4E73-94CD-21F609D49251	0
224	Биохимия	Проскурина, Ирина Константиновна.	2003	Биохимия : учебное пособие для вузов / И. К. Проскурина. - Москва : Владос-Пресс, 2003. - 237 c. : ил. - (Учебное пособие для вузов). - Библиогр. : с. 230 - 232.\n. - ISBN 5305000203. - Текст : непосредственный.	липиды -- динамическая биохимия -- аминокислоты -- биоэнергетика -- углеводы -- биохимия спорта -- белки (биохимия) -- витамины -- ферменты -- биохимические методы	биология	Владос-Пресс	5305000203	577(075.8)	\N	биохимия	https://library.dvfu.ru/lib/document/EK/ECC59401-5757-4D39-86CC-A497B877FBC9/	EK	ECC59401-5757-4D39-86CC-A497B877FBC9	0
114	Анализ финансовой деятельности предприятия для совершенствования бизнеса	Крейнина, Марина Наумовна	2002	Анализ финансовой деятельности предприятия для совершенствования бизнеса / М. Н. Крейнина ; Учебно-методологический центр при Министерстве Российской Федерации по налогам и сборам. - Москва : [б. и.], 2002. - 208 с. : табл.\n. - ISBN 5862970665. - Текст : непосредственный.	рентабельность имущества -- финансы -- платежеспособность -- финансовая деятельность предприятия -- финансовый менеджмент -- кредитоспособность -- производственные ресурсы -- рентабельность предприятия -- движение денежных потоков -- экономика России -- инвестиционные проекты	менеджмент	[б. и.]	5862970665	658.14.012	65.9(2Рос)261	Экономический анализ--Российская Федерация	https://library.dvfu.ru/lib/document/EK/741DA641-6661-4DC9-A0E8-678A2387A7BA/	EK	741DA641-6661-4DC9-A0E8-678A2387A7BA	0
116	Бизнес в стиле фанк : капитал пляшет под дудку таланта	Нордстрем, Кьелл	2002	Бизнес в стиле фанк : капитал пляшет под дудку таланта / К. А. Нордстрем, Й. Риддерстрале. - Изд. 3-е, испр. и доп. - Санкт-Петербург : Стокгольмская школа экономики в Санкт-Петербурге, 2002. - 279 c.\n. - ISBN 5315000109. - Текст : непосредственный.	капиталы -- экономика -- бизнес -- леверидж -- НЛ -- инновации -- конкуренция -- рыночная экономика -- международные корпорации -- менеджмент -- финансовые рычаги -- интеллектуальная революция	экономика	Стокгольмская школа экономики в Санкт-Петербурге	5315000109	\N	65	\N	https://library.dvfu.ru/lib/document/EK/8640212A-F394-4FC9-A2BC-C1369EF53D02/	EK	8640212A-F394-4FC9-A2BC-C1369EF53D02	0
118	Бизнес-планирование	Пивоваров, Кирилл Владимирович	2002	Бизнес-планирование : [учебно-методическое пособие] / К. В. Пивоваров. - 3-е изд. - Москва : Дашков и К°, 2002. - 164 c.\n. - ISBN 594798119X. - Текст : непосредственный.	управление предприятием -- экономика предприятия -- бизнес-планы -- планирование хозяйственной деятельности -- управление экономикой	экономика	[учебно-методическое пособие] / К. В. Пивоваров. - 3-е изд. - Москва : Дашков и К°	594798119X	\N	65.291.231.1я7	\N	https://library.dvfu.ru/lib/document/EK/74A94264-7E8B-447D-BFC0-9039C9411416/	EK	74A94264-7E8B-447D-BFC0-9039C9411416	0
119	Большие циклы конъюнктуры и теория предвидения	Кондратьев, Николай Дмитриевич	2002	Большие циклы конъюнктуры и теория предвидения : избранные труды / Н. Д. Кондратьев ; [сост. Ю. В. Яковец ; ред. кол. : Л. И. Абалкин (предс.) и др.] ; Российская академия наук, Институт экономики ; Международный фонд Н. Д. Кондратьева. ; Российская академия наук, Институт экономики, Международный фонд Н. Д. Кондратьева. - Москва : Экономика, 2002. - 767 c. : ил., табл. - Библиогр. : с. 751-763. - Именной указатель : с. 764-765. - Статьи о Кондратьеве Н. Д. и его наследии : с. 708-751.\n. - ISBN 5282021811. - Текст : непосредственный.	планирование народного хозяйства (экономическая теория) -- Кондратьева циклы (экономика) -- циклы (экономика) -- большие циклы коньюнктуры -- длинные волны в экономике -- предвидение (экономическая теория) -- МИОН -- экономическая статика -- экономическая динамика -- цикличная динамика -- социально-экономическое предвидение -- циклично-динамическое прогнозирование -- ститика экономических процессов -- динамика экономических процессов -- цикличность экономических процессов -- экономическая генетика -- цикла теория -- экономическое прогнозирование -- динамика цен -- мировое хозяйство (экономическая теория) -- экономический кризис мировой 1920-1921 -- экономические кризисы мировые -- длинных волн теория (экономика) -- планирование перспективное (экономическая теория) -- экономическая история новая -- экономическая мысль (история) -- экономика в годы войны 1914-1918 -- конъюнктура мирового хозяйства (история) -- послевоенная экономика	история	Экономика	5282021811	\N	65.012.33 + 65.02(2)6	экономические циклы--теория\nпрогнозирование экономическое--теория\nэкономические учения--Россия, XIX век 2 половина - XX век 1 половина\nэкономическая история--теория\nконъюнктура экономическая--теория\nэкономическая история--страны мира, 1914-1918 годы	https://library.dvfu.ru/lib/document/EK/261FFC48-A159-4BD5-886B-71ABDD28A388/	EK	261FFC48-A159-4BD5-886B-71ABDD28A388	0
120	Валютная политика в странах с переходной экономикой	не указан	2002	Валютная политика в странах с переходной экономикой / А. Г. Белов ; отв. ред. В. Я. Пищик ; Центральный банк Российской Федерации, Научно-исследовательский институт. ; Центральный банк Российской Федерации, Научно-исследовательский институт. - Москва : [б. и.], 2002. - 190 c. - (Информационно-аналитические материалы. ; вып. 3 (39).)\n. - ISBN 5951600170. - Текст : непосредственный.	экономика -- Польша -- экономические реформы -- экономика Польши -- валютная политика -- экономика России -- финансы -- переходная экономика -- Россия -- денежно-кредитная политика	экономика	[б. и.]	5951600170	\N	65.9(2)261-1	\N	https://library.dvfu.ru/lib/document/EK/291DF3E2-D9EB-4AB4-92CE-2572D4CCADDE/	EK	291DF3E2-D9EB-4AB4-92CE-2572D4CCADDE	0
122	Внешнеэкономическая деятельность	не указан	2002	Внешнеэкономическая деятельность : учебное пособие / Е. Г. Бровкова, И. П. Продиус. - Москва : Сирин, 2002. - 183 c.\n. - Текст : непосредственный.	страхование -- экономика России -- финансовые рынки -- валютные риски -- экспортно-импортные операции -- кредитные риски -- внешнеэкономическая деятельность -- ценовая политика -- валютно-финансовые платежи -- кредитные рынки -- валютные рынки	экономика	Сирин	\N	\N	65.9(2)298я73	\N	https://library.dvfu.ru/lib/document/EK/68802C15-193D-42E1-8FB1-FB48F7B1D199/	EK	68802C15-193D-42E1-8FB1-FB48F7B1D199	0
134	"Двойничество" в аспекте системности художественного творчества Ф. М. Достоевского	Склейнис, Галина Альфредовна	2002	"Двойничество" в аспекте системности художественного творчества Ф. М. Достоевского : учебное пособие по спецкурсу / Г. А. Склейнис ; Северный международный университет. ; Северный международный университет (Магадан). - Магадан : Кордис, 2002. - 39 c.\n. - ISBN 5896780478. - Текст : непосредственный.	литературная критика -- литературоведение -- история русской литературы -- фантастический реализм в художественной литературе -- русская литература	история	Кордис	5896780478	\N	83.3(2Рос=Рус)3	\N	https://library.dvfu.ru/lib/document/EK/B788D524-E068-44CE-B2A9-FC7774AE834B/	EK	B788D524-E068-44CE-B2A9-FC7774AE834B	0
137	15 встреч с генералом КГБ Бельченко	Попов, Алексей Юрьевич	2002	15 встреч с генералом КГБ Бельченко / Алексей Попов. - Москва : Олма-Пресс, 2002. - 383 с., [24] л. ил., портр. - (Досье). - Библиогр.: с. 382\n. - ISBN 5224033101. - Текст : непосредственный.	партизанское движение (история) -- Комитет государственной безопасности -- КГБ -- Центральный штаб партизанского движения -- партизаны советские -- Великая Отечественная война 1941-1945 -- чекисты -- военные операции (история) -- разведка (история)	история	Олма-Пресс	5224033101	\N	67.401.132(2)-1ю14	органы государственной безопасности--история--СССР--воспоминания, записки и т. п	https://library.dvfu.ru/lib/document/EK/725E26D4-7526-4DA0-87D3-9E1A2AED5A6E/	EK	725E26D4-7526-4DA0-87D3-9E1A2AED5A6E	0
138	1700 лет верности. История Армении и ее Церкви	не указан	2002	1700 лет верности. История Армении и ее Церкви : пер. с ит. / Д. Гуайта ; под ред. Р. Адамянца. - Москва : FAM, 2002. - 416 c.\n. - ISBN 5898310134. - Текст : непосредственный.	религиоведение -- монофизитство -- история Армении -- история церкви	история	FAM	5898310134	\N	86.373	\N	https://library.dvfu.ru/lib/document/EK/D4A5184F-B0A5-4C8C-B55A-EBDDB104C896/	EK	D4A5184F-B0A5-4C8C-B55A-EBDDB104C896	0
140	Бессмертная революционерка	не указан	1995	Ким. \n Бессмертная революционерка / Ким Ик Хен. - Пхеньян : Изд-во литературы на иностранных языках, 1995 - .\n т. 3 . - 126 с., [2] л. ил. - На обл. авт. не указ.	Корея Северная -- КНДР -- демсомол -- японо-корейские отношения (история) -- корейско-японские отношения (история)	филология	Изд-во литературы на иностранных языках	\N	\N	63.3(5Кор)	Корейская Народно-Демократическая Республика--история	https://library.dvfu.ru/lib/document/EK/2D747D60-6D9B-43BA-8A59-891FE0AEDC1B/	EK	2D747D60-6D9B-43BA-8A59-891FE0AEDC1B	0
142	История политических и правовых учений	не указан	2007	История политических и правовых учений : учебник для вузов / [Н. М. Азаркин, В. Н. Жуков, Ю. С. Завьялов и др.] ; под общ. ред. О. В. Мартышина ; Московская государственная юридическая академия. - Москва : Норма, 2007. - 899 с. - Библиогр. : с. 892 - 899. - Авт. указ. в нач. кн.\n. - ISBN 9785891237810. - Текст : непосредственный.	политические учения Древнего мира -- политические учения Средних веков -- политические учения эпохи Возрождения -- политические учения нового времени -- политические учения новейшего времени -- христианство -- ислам -- древнерусская политическая мысль -- либерализм -- древнерусская правовая мысль -- утопический социализм -- социологический позитивизм -- анархизм западноевропейский -- социализм реформистский -- научный социализм -- русский социализм -- народничество -- правовая мысль западноевропейских стран -- русская эмиграция	право	Норма	9785891237810	\N	67.1(0)я73-1 + 66.1(0)я73-1	политическая мысль--всеобщая история--учебники для вузов\nправовая мысль--всеобщая история--учебные издания для вузов -- учебники\nГолландия--правовые и политические учения\nАнглия--правовые и политические учения\nФранция--правовые и политические учения\nСША--правовые и политические учения\nИндия--политические учения\nРоссия--правовые и политические учения\nГермания--правовые и политические учения\nКитай--политические учения	https://library.dvfu.ru/lib/document/EK/FF973DCE-D9E1-42E3-88DB-9B5E5A6B4B75/	EK	FF973DCE-D9E1-42E3-88DB-9B5E5A6B4B75	0
143	Светоцветовая терапия. Смысл и значение цвета	Серов, Николай Викторович	2002	Светоцветовая терапия. Смысл и значение цвета : информация - цвет - интеллект / Н. В. Серов. - 2-е изд., перераб. - Санкт-Петербург : Речь, 2002. - 160 c. - (Психотерапия на практике)\n. - ISBN 5926800358. - Текст : непосредственный.	искусственный интеллект -- НЛ -- цветотерапия -- хроматизм -- цветовая терапия -- гендер -- формулы интеллекта -- психология -- цветовые каноны -- психоанализ -- мода	филология	Речь	5926800358	\N	88.492	\N	https://library.dvfu.ru/lib/document/EK/9A8D2323-A1AB-4626-9639-56BCDB07EB2A/	EK	9A8D2323-A1AB-4626-9639-56BCDB07EB2A	0
145	Гибридные интеллектуальные системы	Гаврилов, Андрей Владимирович	2003	Гибридные интеллектуальные системы / А. В. Гаврилов ; Новосибирский государственный технический университет. ; Новосибирский государственный технический университет. - Новосибирск : [Изд-во Новосибирского технического университета], 2003. - 163 c. : ил., табл. - Библиогр. : с. 144-160.\n. - ISBN 5778204132. - Текст : непосредственный.	интеллектуальные системы -- искусственный интеллект -- программное обеспечение -- нейросетевые модели -- экспертные системы	информатика	[Изд-во Новосибирского технического университета]	5778204132	\N	32.813	\N	https://library.dvfu.ru/lib/document/EK/1D11F17C-5685-4B0F-9E65-035553AD6906/	EK	1D11F17C-5685-4B0F-9E65-035553AD6906	0
147	Кибернетика и общество. Творец и робот	Винер, Норберт	2003	Кибернетика и общество. Творец и робот : пер. с англ. / Норберт Винер ; пред. и примеч. И. Г. Поспелова. - Москва : Тайдекс Ко, 2003. - 246 c. - (Библиотека журнала "Экология и жизнь". Серия "Устройство мира".)\n. - ISBN 5947020157. - Текст : непосредственный.	информационно-технические проблемы -- динамические системы -- кибернетика -- энтропия -- общество -- роботы -- коммуникативное поведение -- нечеткие множества -- промышленные революции -- искусственный интеллект	информатика	Тайдекс Ко	5947020157	\N	32.81	\N	https://library.dvfu.ru/lib/document/EK/12BA4B5C-7415-494E-A70B-466AC4907C86/	EK	12BA4B5C-7415-494E-A70B-466AC4907C86	0
149	Теория эволюции разума как конверсии интеллекта органического носителя в неорганическую мыслящую материю	Moudrykh, Vladislav	1999	Теория эволюции разума как конверсии интеллекта органического носителя в неорганическую мыслящую материю / V. Moudrykh. - Москва : Аграф, 1999. - 587 c.\n. - ISBN 5778400969. - Текст : непосредственный.	искусственный интеллект -- сознание -- интеллектуальная эволюция -- сознание человека -- информационно-технологическая революция -- микрокомпьютер -- мутационная эволюция -- познание	информатика	Аграф	5778400969	\N	87.256.635	кибернетика--философские вопросы	https://library.dvfu.ru/lib/document/EK/3C282A57-8F41-44CA-A6EC-53C6A2983804/	EK	3C282A57-8F41-44CA-A6EC-53C6A2983804	0
150	Методы распознавания	Горелик, Александр Леопольдович	2004	Методы распознавания : учебное пособие для вузов / А. Л. Горелик, В. А. Скрипкин. - Изд. 4-е, испр. - Москва : Высшая школа, 2004. - 262 с. : ил., табл. - Библиогр. : с. 258 - 259.\n. - ISBN 5060043967. - Текст : непосредственный.	системотехника -- распознавания методы -- обработка априорной информации -- управление распознаванием -- системы распознавания -- распознавание объектов -- обработка информации -- искусственный интеллект -- алгебра логики -- логические системы распознавания	образование	Высшая школа	5060043967	\N	32.973.2я73 + 32.81я73	кибернетика\nцифровые компьютеры	https://library.dvfu.ru/lib/document/EK/09FDC806-E2CA-48F7-A9BC-3D4ED82E033B/	EK	09FDC806-E2CA-48F7-A9BC-3D4ED82E033B	0
151	Сова Минервы над муравейником : (Очерки жизненной философии)	не указан	2001	Сова Минервы над муравейником : (Очерки жизненной философии) / А. В. Перцев, Е. С. Черепанова ; Уральский университет. ; Уральский государственный университет (Екатеринбург). - Екатеринбург : Изд-во Уральского университета, 2001. - 236 c.\n. - ISBN 5752509262. - Текст : непосредственный.	экзистенциализм -- искусственный интеллект -- философия -- история философии -- позитивизм	право	Изд-во Уральского университета	5752509262	\N	87.3	\N	https://library.dvfu.ru/lib/document/EK/271FF452-41F4-4258-84BF-6FEAA915B7AA/	EK	271FF452-41F4-4258-84BF-6FEAA915B7AA	0
153	Maple 7 : учебный курс	Дьяконов, Владимир Павлович	2002	Maple 7 : учебный курс / В. Дьяконов ; под ред. Е. Строганова. - Санкт-Петербург : Питер, 2002. - 200 c.\n. - ISBN 5318007198. - Текст : непосредственный.	компьютерная алгебра -- математический анализ -- дифференциальные уравнения -- Maple 7, программный пакет, система компьютерной алгебры -- программирование	математика	Питер	5318007198	\N	32.973.23-018я7	\N	https://library.dvfu.ru/lib/document/EK/00C0D773-51AD-401F-BD5C-48A80A16F571/	EK	00C0D773-51AD-401F-BD5C-48A80A16F571	0
155	Microsoft Outlook 2002	Корецкий, Анатолий Андреевич	2002	Microsoft Outlook 2002 : руководство пользователя / Анатолий Корецкий. - Москва : Познавательная книга плюс, 2002. - 219 c. - (Библиотека компьютерной литературы)\n. - Текст : непосредственный.	компьютерные программы -- электронная почта -- Outlook, компьютерная пргорамма -- операционные системы -- программирование компьютерное -- компьютерные приложения	информатика	Познавательная книга плюс	\N	\N	32.973.26-018.2	\N	https://library.dvfu.ru/lib/document/EK/16661C79-77C3-4E9F-A2C1-60CDEF55F428/	EK	16661C79-77C3-4E9F-A2C1-60CDEF55F428	0
163	Как стать успешным и эффективным с помощью НЛП	Маклеод, Ангус	2002	Как стать успешным и эффективным с помощью НЛП : пер. с англ. / А. Маклеод. - Москва : ЭКСМО, 2002. - 288 c.\n. - ISBN 5699014977. - Текст : непосредственный.	социальная психология -- психология -- нейролингвистическое программирование -- НЛ -- внутренний конфликт -- коммуникативные стили -- умственные установки -- мышление и гибкость -- НЛП -- упражжнения НЛП	психология	ЭКСМО	5699014977	\N	88.52	\N	https://library.dvfu.ru/lib/document/EK/BAE46653-9D3E-43DB-B4B7-76BC4467FFE1/	EK	BAE46653-9D3E-43DB-B4B7-76BC4467FFE1	0
165	Компьютерная графика	Порев, Виктор Н	2002	Компьютерная графика : [учебное пособие] / В. Н. Порев. - Санкт-Петербург : [БХВ-Санкт-Петербург], [2002]. - 428 c. : ил. - Библиогр. : с. 425-428. - Прил. : с. 389-417.\n. - ISBN 5941571399. - Текст : непосредственный.	трехмерная графика -- графика компьютерная -- трехмерные объекты -- анимация -- вычислительная техника -- алгоритмы графики -- программное обеспечение -- графические примитивы -- графическая библиотека OpenGL -- программирование компьютерной графики	информатика	\N	5941571399	\N	32.973.26-018.2я73	\N	https://library.dvfu.ru/lib/document/EK/BD87FAE6-3E36-4527-A593-4584E0F25F95/	EK	BD87FAE6-3E36-4527-A593-4584E0F25F95	0
168	Основы теории управления	Еремин, Евгений Леонидович	2002	Основы теории управления : практикум на ПЭВМ / Е. Л. Еремин, И. Е. Еремин, Л. В. Ильина ; Амурский государственный университет, Факультет математики и информатики. ; Амурский государственный университет, Факультет математики и информатики. - Благовещенск : Изд-во Амурского университета, 2002. - 92 c.\n. - Текст : непосредственный.	нелинейные системы -- персональные компьютеры -- программирование -- системы управления -- обработка информации -- автоматизированные системы -- автоматическое управление	информатика	Изд-во Амурского университета	\N	\N	32.973я73	\N	https://library.dvfu.ru/lib/document/EK/B28C0FB9-1135-4D91-81DD-E7BD74053A6B/	EK	B28C0FB9-1135-4D91-81DD-E7BD74053A6B	0
184	Бог, пророк, церковь	Пивоваров, Даниил Валентинович.	2002	Бог, пророк, церковь : учебное пособие / Д. В. Пивоваров ; Уральский государственный университет. ; Уральский государственный университет (Екатеринбург). - Екатеринбург : Изд-во Уральского университета, 2002. - 92 c.\n. - ISBN 5799601416. - Текст : непосредственный.	история религии -- религия -- Бог -- пророчество -- церковь -- религиоведение -- философия религии -- христианская церковь -- церковь и государство	право	Изд-во Уральского университета	5799601416	\N	86.2-1я73	\N	https://library.dvfu.ru/lib/document/EK/F666D104-565B-4324-8E3F-90E7B98EEEF3/	EK	F666D104-565B-4324-8E3F-90E7B98EEEF3	0
189	Буддизм в сравнении с христианством	Кожевников, В. А	2002	Кожевников, В. А \n Буддизм в сравнении с христианством / В. А. Кожевников. - Москва : Грааль, 2002 - .\n т. 2 : Жизнь и легенда Будды. Община учеников Будды, санга. - 688 c.	религии Востока -- буддизм -- религиоведение -- христианство -- буддистская философия -- МИОН	философия	Грааль	\N	\N	86.3	\N	https://library.dvfu.ru/lib/document/EK/B1EF1ADC-E865-40F1-9742-FBE40131819B/	EK	B1EF1ADC-E865-40F1-9742-FBE40131819B	0
192	Аналитическая химия	Васильев, Владимир Павлович.	2002	Васильев, Владимир Павлович \n Аналитическая химия : учебник для вузов по химико-технологическим специальностям : в 2 книгах / В. П. Васильев. - 2-е изд., перераб. и доп. - Москва : Дрофа, 2002. - (Высшее образование).\n Кн. 2 : Физико-химические методы анализа. - 2002. - 383 с. : ил., табл. - Библиогр.: с. 365\n. - ISBN 5710747262. - ISBN 5710747270	спектральный анализ -- люминесцентный анализ -- кондуктометрия -- абсорбционная спектроскопия -- электролиз -- потенциометрия -- кулонометрия -- экстракция -- физико-химический анализ -- масс-спектроскопия -- вольтамперометрия -- рентгеноспектральный анализ -- хроматография	химия	Дрофа	5710747262, 5710747270	543.06(075.8)	\N	аналитическая химия--учебные издания для вузов	https://library.dvfu.ru/lib/document/EK/219D0BA9-3CC9-48D4-A3C2-019207D10959/	EK	219D0BA9-3CC9-48D4-A3C2-019207D10959	0
193	Биологическая химия	Кнорре, Дмитрий Георгиевич.	2002	Биологическая химия : учебник для химических, биологических и медицинских специальностей вузов / Д. Г. Кнорре, С. Д. Мызина. - Изд. 3-е, испр. - Москва : Высшая школа, 2002. - 479 с. : ил. - Библиогр.: с. 466-467\n. - ISBN 5060037207. - Текст : непосредственный.	биологическая химия -- ферменты -- биохимические реакции -- биоэнергетика -- биохимические процессы -- биополимеры -- биоорганическая химия	биология	Высшая школа	5060037207	577.1(075.8)	\N	биохимия--учебные издания для вузов	https://library.dvfu.ru/lib/document/EK/DF92A5CF-AE36-45DA-BF1A-C4E33DE19287/	EK	DF92A5CF-AE36-45DA-BF1A-C4E33DE19287	0
194	Вопросы, задачи и упражнения по неорганической химии	Бессонова, Валентина Ивановна.	2002	Вопросы, задачи и упражнения по неорганической химии : учебное пособие / В. И. Бессонова, Г. А. Крижаненко, И. В. Свистунова. - Владивосток : Изд-во Дальневосточного университета, 2002. - 106 c. : ил., табл.\n. - ISBN 5744413219. - Текст : непосредственный.	неорганическая химия -- газовое состояние вещества -- химическая кинетика -- растворы -- химические реакции -- комплексные соединения -- химия элементов -- ДВГУ (труды преподавателей) -- издание ДВГУ	химия	Изд-во Дальневосточного университета	5744413219	546(075.8)	\N	неорганическая химия--учебные издания для вузов	https://library.dvfu.ru/lib/document/EK/FCD0F85C-D692-44E9-8A5A-67FC7F957B2B/	EK	FCD0F85C-D692-44E9-8A5A-67FC7F957B2B	0
\.


--
-- Data for Name: interactions; Type: TABLE DATA; Schema: public; Owner: -
--

COPY public.interactions (id, user_id, document_id, interaction_type, weight, created_at) FROM stdin;
169	8	137	view	1	2026-04-27 18:21:58.789195+10
172	8	153	view	1	2026-04-27 18:22:48.349201+10
163	8	109	view	2	2026-04-27 15:39:28.744899+10
178	8	147	view	1	2026-04-27 18:28:07.219136+10
184	8	186	view	2	2026-05-01 15:16:36.671766+10
189	1	138	view	2	2026-05-01 15:44:12.626899+10
190	1	138	favorite	3	2026-05-01 15:44:14.141451+10
206	8	103	view	2	2026-05-12 17:02:31.200632+10
174	8	154	view	10	2026-04-27 18:23:09.411748+10
199	8	138	view	10	2026-05-10 12:04:48.895919+10
204	8	200	view	2	2026-05-12 16:41:59.720284+10
207	8	226	view	4	2026-05-13 10:25:16.740403+10
208	1	134	view	6	2026-05-25 14:55:13.312452+10
351	25	150	favorite	3	2026-05-26 20:36:41.382098+10
352	26	196	view	1	2026-05-26 20:36:41.382098+10
353	26	197	view	1	2026-05-26 20:36:41.382098+10
354	26	218	view	1	2026-05-26 20:36:41.382098+10
355	26	221	view	1	2026-05-26 20:36:41.382098+10
356	26	199	view	1	2026-05-26 20:36:41.382098+10
357	26	195	view	1	2026-05-26 20:36:41.382098+10
358	26	231	view	1	2026-05-26 20:36:41.382098+10
359	26	206	view	1	2026-05-26 20:36:41.382098+10
360	26	194	view	1	2026-05-26 20:36:41.382098+10
361	26	208	view	1	2026-05-26 20:36:41.382098+10
362	26	206	favorite	3	2026-05-26 20:36:41.382098+10
363	27	103	view	1	2026-05-26 20:36:41.382098+10
364	27	209	view	1	2026-05-26 20:36:41.382098+10
365	27	135	view	1	2026-05-26 20:36:41.382098+10
366	27	214	view	1	2026-05-26 20:36:41.382098+10
367	27	212	view	1	2026-05-26 20:36:41.382098+10
368	27	211	view	1	2026-05-26 20:36:41.382098+10
369	27	151	view	1	2026-05-26 20:36:41.382098+10
370	27	114	view	1	2026-05-26 20:36:41.382098+10
371	27	141	view	1	2026-05-26 20:36:41.382098+10
372	27	212	favorite	3	2026-05-26 20:36:41.382098+10
373	27	214	favorite	3	2026-05-26 20:36:41.382098+10
374	28	123	view	1	2026-05-26 20:36:41.382098+10
375	28	143	view	1	2026-05-26 20:36:41.382098+10
376	28	140	view	1	2026-05-26 20:36:41.382098+10
377	28	202	view	1	2026-05-26 20:36:41.382098+10
378	28	150	view	1	2026-05-26 20:36:41.382098+10
379	28	122	view	1	2026-05-26 20:36:41.382098+10
380	28	116	view	1	2026-05-26 20:36:41.382098+10
381	28	113	view	1	2026-05-26 20:36:41.382098+10
382	28	202	favorite	3	2026-05-26 20:36:41.382098+10
383	29	109	view	1	2026-05-26 20:36:41.382098+10
384	29	104	view	1	2026-05-26 20:36:41.382098+10
385	29	110	view	1	2026-05-26 20:36:41.382098+10
386	29	112	view	1	2026-05-26 20:36:41.382098+10
387	29	107	view	1	2026-05-26 20:36:41.382098+10
388	29	204	view	1	2026-05-26 20:36:41.382098+10
389	29	108	view	1	2026-05-26 20:36:41.382098+10
390	29	156	view	1	2026-05-26 20:36:41.382098+10
391	29	112	favorite	3	2026-05-26 20:36:41.382098+10
392	29	110	favorite	3	2026-05-26 20:36:41.382098+10
393	29	204	favorite	3	2026-05-26 20:36:41.382098+10
394	30	138	view	1	2026-05-26 20:36:41.382098+10
395	30	137	view	1	2026-05-26 20:36:41.382098+10
396	30	119	view	1	2026-05-26 20:36:41.382098+10
397	30	182	view	1	2026-05-26 20:36:41.382098+10
398	30	133	view	1	2026-05-26 20:36:41.382098+10
399	30	136	view	1	2026-05-26 20:36:41.382098+10
400	30	134	view	1	2026-05-26 20:36:41.382098+10
401	30	139	view	1	2026-05-26 20:36:41.382098+10
402	30	185	view	1	2026-05-26 20:36:41.382098+10
403	30	214	view	1	2026-05-26 20:36:41.382098+10
404	30	167	view	1	2026-05-26 20:36:41.382098+10
405	30	172	view	1	2026-05-26 20:36:41.382098+10
406	30	171	view	1	2026-05-26 20:36:41.382098+10
407	30	134	favorite	3	2026-05-26 20:36:41.382098+10
408	31	163	view	1	2026-05-26 20:36:41.382098+10
409	31	200	view	1	2026-05-26 20:36:41.382098+10
410	31	201	view	1	2026-05-26 20:36:41.382098+10
411	31	205	view	1	2026-05-26 20:36:41.382098+10
412	31	227	view	1	2026-05-26 20:36:41.382098+10
413	31	201	favorite	3	2026-05-26 20:36:41.382098+10
414	31	200	favorite	3	2026-05-26 20:36:41.382098+10
415	31	163	favorite	3	2026-05-26 20:36:41.382098+10
416	32	118	view	1	2026-05-26 20:36:41.382098+10
417	32	115	view	1	2026-05-26 20:36:41.382098+10
418	32	120	view	1	2026-05-26 20:36:41.382098+10
419	32	117	view	1	2026-05-26 20:36:41.382098+10
420	32	192	view	1	2026-05-26 20:36:41.382098+10
421	32	105	view	1	2026-05-26 20:36:41.382098+10
422	32	207	view	1	2026-05-26 20:36:41.382098+10
423	32	208	view	1	2026-05-26 20:36:41.382098+10
424	32	118	favorite	3	2026-05-26 20:36:41.382098+10
425	32	117	favorite	3	2026-05-26 20:36:41.382098+10
426	32	115	favorite	3	2026-05-26 20:36:41.382098+10
427	33	160	view	1	2026-05-26 20:36:41.382098+10
428	33	125	view	1	2026-05-26 20:36:41.382098+10
429	33	132	view	1	2026-05-26 20:36:41.382098+10
430	33	167	view	1	2026-05-26 20:36:41.382098+10
431	33	129	view	1	2026-05-26 20:36:41.382098+10
432	33	126	view	1	2026-05-26 20:36:41.382098+10
433	33	153	view	1	2026-05-26 20:36:41.382098+10
434	33	111	view	1	2026-05-26 20:36:41.382098+10
435	33	127	view	1	2026-05-26 20:36:41.382098+10
436	33	130	view	1	2026-05-26 20:36:41.382098+10
437	33	131	view	1	2026-05-26 20:36:41.382098+10
438	33	192	view	1	2026-05-26 20:36:41.382098+10
439	33	227	view	1	2026-05-26 20:36:41.382098+10
440	33	207	view	1	2026-05-26 20:36:41.382098+10
441	33	202	view	1	2026-05-26 20:36:41.382098+10
442	33	111	favorite	3	2026-05-26 20:36:41.382098+10
443	33	167	favorite	3	2026-05-26 20:36:41.382098+10
444	33	129	favorite	3	2026-05-26 20:36:41.382098+10
445	34	207	view	1	2026-05-26 20:36:41.382098+10
446	34	205	view	1	2026-05-26 20:36:41.382098+10
447	34	194	view	1	2026-05-26 20:36:41.382098+10
448	34	105	view	1	2026-05-26 20:36:41.382098+10
449	34	208	view	1	2026-05-26 20:36:41.382098+10
450	34	216	view	1	2026-05-26 20:36:41.382098+10
451	34	115	view	1	2026-05-26 20:36:41.382098+10
452	34	113	view	1	2026-05-26 20:36:41.382098+10
453	34	117	view	1	2026-05-26 20:36:41.382098+10
454	34	118	view	1	2026-05-26 20:36:41.382098+10
455	34	208	favorite	3	2026-05-26 20:36:41.382098+10
456	34	207	favorite	3	2026-05-26 20:36:41.382098+10
457	35	114	view	1	2026-05-26 20:36:41.382098+10
458	35	121	view	1	2026-05-26 20:36:41.382098+10
459	35	133	view	1	2026-05-26 20:36:41.382098+10
164	8	136	view	2	2026-04-27 16:13:10.815086+10
170	8	105	view	1	2026-04-27 18:22:13.538217+10
180	8	128	view	1	2026-04-27 18:42:56.012091+10
185	8	195	view	12	2026-05-01 15:16:42.693647+10
200	8	182	view	4	2026-05-11 13:44:07.826165+10
205	8	201	view	4	2026-05-12 16:42:03.716306+10
195	2	138	view	2	2026-05-01 15:45:37.545961+10
196	2	138	favorite	3	2026-05-01 15:45:39.485521+10
209	1	139	view	2	2026-05-25 14:55:14.979603+10
191	1	182	view	5	2026-05-01 15:44:20.054603+10
460	35	136	view	1	2026-05-26 20:36:41.382098+10
461	35	134	view	1	2026-05-26 20:36:41.382098+10
462	35	112	view	1	2026-05-26 20:36:41.382098+10
463	35	114	favorite	3	2026-05-26 20:36:41.382098+10
464	35	121	favorite	3	2026-05-26 20:36:41.382098+10
465	36	142	view	1	2026-05-26 20:36:41.382098+10
466	36	151	view	1	2026-05-26 20:36:41.382098+10
467	36	184	view	1	2026-05-26 20:36:41.382098+10
468	36	141	view	1	2026-05-26 20:36:41.382098+10
469	36	115	view	1	2026-05-26 20:36:41.382098+10
470	36	120	view	1	2026-05-26 20:36:41.382098+10
471	36	117	view	1	2026-05-26 20:36:41.382098+10
472	36	142	favorite	3	2026-05-26 20:36:41.382098+10
473	36	184	favorite	3	2026-05-26 20:36:41.382098+10
474	37	161	view	1	2026-05-26 20:36:41.382098+10
475	37	174	view	1	2026-05-26 20:36:41.382098+10
476	37	176	view	1	2026-05-26 20:36:41.382098+10
477	37	147	view	1	2026-05-26 20:36:41.382098+10
478	37	146	view	1	2026-05-26 20:36:41.382098+10
479	37	156	view	1	2026-05-26 20:36:41.382098+10
480	37	164	view	1	2026-05-26 20:36:41.382098+10
481	37	169	view	1	2026-05-26 20:36:41.382098+10
482	37	145	view	1	2026-05-26 20:36:41.382098+10
483	37	179	view	1	2026-05-26 20:36:41.382098+10
484	37	181	view	1	2026-05-26 20:36:41.382098+10
485	37	152	view	1	2026-05-26 20:36:41.382098+10
486	37	175	view	1	2026-05-26 20:36:41.382098+10
487	37	224	view	1	2026-05-26 20:36:41.382098+10
488	37	221	view	1	2026-05-26 20:36:41.382098+10
489	37	186	view	1	2026-05-26 20:36:41.382098+10
490	37	193	view	1	2026-05-26 20:36:41.382098+10
491	37	188	view	1	2026-05-26 20:36:41.382098+10
492	37	174	favorite	3	2026-05-26 20:36:41.382098+10
493	37	179	favorite	3	2026-05-26 20:36:41.382098+10
494	38	216	view	1	2026-05-26 20:36:41.382098+10
495	38	144	view	1	2026-05-26 20:36:41.382098+10
496	38	174	view	1	2026-05-26 20:36:41.382098+10
497	38	152	view	1	2026-05-26 20:36:41.382098+10
498	38	149	view	1	2026-05-26 20:36:41.382098+10
499	38	190	view	1	2026-05-26 20:36:41.382098+10
500	38	157	view	1	2026-05-26 20:36:41.382098+10
501	38	144	favorite	3	2026-05-26 20:36:41.382098+10
502	39	229	view	1	2026-05-26 20:36:41.382098+10
503	39	205	view	1	2026-05-26 20:36:41.382098+10
504	39	158	view	1	2026-05-26 20:36:41.382098+10
505	39	168	view	1	2026-05-26 20:36:41.382098+10
506	39	147	view	1	2026-05-26 20:36:41.382098+10
507	39	229	favorite	3	2026-05-26 20:36:41.382098+10
508	40	190	view	1	2026-05-26 20:36:41.382098+10
509	40	186	view	1	2026-05-26 20:36:41.382098+10
510	40	189	view	1	2026-05-26 20:36:41.382098+10
511	40	191	view	1	2026-05-26 20:36:41.382098+10
512	40	187	view	1	2026-05-26 20:36:41.382098+10
513	40	188	view	1	2026-05-26 20:36:41.382098+10
514	40	153	view	1	2026-05-26 20:36:41.382098+10
515	40	172	view	1	2026-05-26 20:36:41.382098+10
516	40	128	view	1	2026-05-26 20:36:41.382098+10
517	40	186	favorite	3	2026-05-26 20:36:41.382098+10
518	40	190	favorite	3	2026-05-26 20:36:41.382098+10
519	40	188	favorite	3	2026-05-26 20:36:41.382098+10
520	41	150	view	1	2026-05-26 20:36:41.382098+10
521	41	109	view	1	2026-05-26 20:36:41.382098+10
522	41	102	view	1	2026-05-26 20:36:41.382098+10
523	41	113	view	1	2026-05-26 20:36:41.382098+10
524	41	120	view	1	2026-05-26 20:36:41.382098+10
525	41	115	view	1	2026-05-26 20:36:41.382098+10
526	41	150	favorite	3	2026-05-26 20:36:41.382098+10
527	42	193	view	1	2026-05-26 20:36:41.382098+10
528	42	206	view	1	2026-05-26 20:36:41.382098+10
529	42	225	view	1	2026-05-26 20:36:41.382098+10
530	42	198	view	1	2026-05-26 20:36:41.382098+10
531	42	228	view	1	2026-05-26 20:36:41.382098+10
532	42	137	view	1	2026-05-26 20:36:41.382098+10
533	42	116	view	1	2026-05-26 20:36:41.382098+10
534	42	113	view	1	2026-05-26 20:36:41.382098+10
535	42	118	view	1	2026-05-26 20:36:41.382098+10
536	42	228	favorite	3	2026-05-26 20:36:41.382098+10
537	42	225	favorite	3	2026-05-26 20:36:41.382098+10
538	42	193	favorite	3	2026-05-26 20:36:41.382098+10
539	43	209	view	1	2026-05-26 20:36:41.382098+10
540	43	210	view	1	2026-05-26 20:36:41.382098+10
541	43	106	view	1	2026-05-26 20:36:41.382098+10
542	43	135	view	1	2026-05-26 20:36:41.382098+10
543	43	214	view	1	2026-05-26 20:36:41.382098+10
544	43	215	view	1	2026-05-26 20:36:41.382098+10
545	43	213	view	1	2026-05-26 20:36:41.382098+10
546	43	103	view	1	2026-05-26 20:36:41.382098+10
547	43	222	view	1	2026-05-26 20:36:41.382098+10
548	43	206	view	1	2026-05-26 20:36:41.382098+10
549	43	196	view	1	2026-05-26 20:36:41.382098+10
550	43	226	view	1	2026-05-26 20:36:41.382098+10
551	43	210	favorite	3	2026-05-26 20:36:41.382098+10
552	43	213	favorite	3	2026-05-26 20:36:41.382098+10
553	44	140	view	1	2026-05-26 20:36:41.382098+10
554	44	143	view	1	2026-05-26 20:36:41.382098+10
555	44	202	view	1	2026-05-26 20:36:41.382098+10
556	44	123	view	1	2026-05-26 20:36:41.382098+10
557	44	142	view	1	2026-05-26 20:36:41.382098+10
558	44	141	view	1	2026-05-26 20:36:41.382098+10
559	44	151	view	1	2026-05-26 20:36:41.382098+10
560	44	184	view	1	2026-05-26 20:36:41.382098+10
561	44	229	view	1	2026-05-26 20:36:41.382098+10
562	44	202	favorite	3	2026-05-26 20:36:41.382098+10
563	44	123	favorite	3	2026-05-26 20:36:41.382098+10
564	45	108	view	1	2026-05-26 20:36:41.382098+10
565	45	107	view	1	2026-05-26 20:36:41.382098+10
566	45	204	view	1	2026-05-26 20:36:41.382098+10
567	45	104	view	1	2026-05-26 20:36:41.382098+10
568	45	110	view	1	2026-05-26 20:36:41.382098+10
569	45	135	view	1	2026-05-26 20:36:41.382098+10
570	45	110	favorite	3	2026-05-26 20:36:41.382098+10
571	45	104	favorite	3	2026-05-26 20:36:41.382098+10
572	46	133	view	1	2026-05-26 20:36:41.382098+10
573	46	136	view	1	2026-05-26 20:36:41.382098+10
574	46	185	view	1	2026-05-26 20:36:41.382098+10
575	46	139	view	1	2026-05-26 20:36:41.382098+10
165	8	149	view	2	2026-04-27 16:13:20.438953+10
171	8	111	view	2	2026-04-27 18:22:40.730538+10
176	8	183	view	1	2026-04-27 18:27:57.063657+10
181	8	140	view	1	2026-04-27 20:24:59.625251+10
192	1	182	favorite	3	2026-05-01 15:44:23.181719+10
193	2	135	view	2	2026-05-01 15:45:21.235494+10
210	1	134	favorite	3	2026-05-25 22:40:12.796987+10
576	46	182	view	1	2026-05-26 20:36:41.382098+10
201	8	202	view	4	2026-05-11 13:45:55.212563+10
577	46	209	view	1	2026-05-26 20:36:41.382098+10
578	46	182	favorite	3	2026-05-26 20:36:41.382098+10
579	46	185	favorite	3	2026-05-26 20:36:41.382098+10
580	47	163	view	1	2026-05-26 20:36:41.382098+10
581	47	201	view	1	2026-05-26 20:36:41.382098+10
582	47	200	view	1	2026-05-26 20:36:41.382098+10
583	47	220	view	1	2026-05-26 20:36:41.382098+10
584	47	200	favorite	3	2026-05-26 20:36:41.382098+10
585	47	163	favorite	3	2026-05-26 20:36:41.382098+10
586	47	201	favorite	3	2026-05-26 20:36:41.382098+10
587	48	118	view	1	2026-05-26 20:36:41.382098+10
588	48	116	view	1	2026-05-26 20:36:41.382098+10
589	48	115	view	1	2026-05-26 20:36:41.382098+10
590	48	122	view	1	2026-05-26 20:36:41.382098+10
591	48	186	view	1	2026-05-26 20:36:41.382098+10
592	48	105	view	1	2026-05-26 20:36:41.382098+10
593	48	191	view	1	2026-05-26 20:36:41.382098+10
594	48	122	favorite	3	2026-05-26 20:36:41.382098+10
595	48	115	favorite	3	2026-05-26 20:36:41.382098+10
596	49	128	view	1	2026-05-26 20:36:41.382098+10
597	49	132	view	1	2026-05-26 20:36:41.382098+10
598	49	129	view	1	2026-05-26 20:36:41.382098+10
599	49	172	view	1	2026-05-26 20:36:41.382098+10
600	49	170	view	1	2026-05-26 20:36:41.382098+10
601	49	153	view	1	2026-05-26 20:36:41.382098+10
602	49	177	view	1	2026-05-26 20:36:41.382098+10
603	49	167	view	1	2026-05-26 20:36:41.382098+10
604	49	130	view	1	2026-05-26 20:36:41.382098+10
605	49	125	view	1	2026-05-26 20:36:41.382098+10
606	49	160	view	1	2026-05-26 20:36:41.382098+10
607	49	124	view	1	2026-05-26 20:36:41.382098+10
608	49	117	view	1	2026-05-26 20:36:41.382098+10
609	49	115	view	1	2026-05-26 20:36:41.382098+10
610	49	116	view	1	2026-05-26 20:36:41.382098+10
611	49	167	favorite	3	2026-05-26 20:36:41.382098+10
612	49	132	favorite	3	2026-05-26 20:36:41.382098+10
613	49	128	favorite	3	2026-05-26 20:36:41.382098+10
614	50	208	view	1	2026-05-26 20:36:41.382098+10
615	50	192	view	1	2026-05-26 20:36:41.382098+10
616	50	230	view	1	2026-05-26 20:36:41.382098+10
617	50	194	view	1	2026-05-26 20:36:41.382098+10
618	50	227	view	1	2026-05-26 20:36:41.382098+10
619	50	105	view	1	2026-05-26 20:36:41.382098+10
620	50	205	view	1	2026-05-26 20:36:41.382098+10
621	50	207	view	1	2026-05-26 20:36:41.382098+10
622	50	203	view	1	2026-05-26 20:36:41.382098+10
623	50	132	view	1	2026-05-26 20:36:41.382098+10
624	50	172	view	1	2026-05-26 20:36:41.382098+10
625	50	205	favorite	3	2026-05-26 20:36:41.382098+10
626	51	114	view	1	2026-05-26 20:36:41.382098+10
627	51	121	view	1	2026-05-26 20:36:41.382098+10
628	51	137	view	1	2026-05-26 20:36:41.382098+10
629	51	119	view	1	2026-05-26 20:36:41.382098+10
630	51	138	view	1	2026-05-26 20:36:41.382098+10
631	51	144	view	1	2026-05-26 20:36:41.382098+10
632	51	121	favorite	3	2026-05-26 20:36:41.382098+10
633	51	114	favorite	3	2026-05-26 20:36:41.382098+10
634	52	142	view	1	2026-05-26 20:36:41.382098+10
635	52	184	view	1	2026-05-26 20:36:41.382098+10
636	52	141	view	1	2026-05-26 20:36:41.382098+10
637	52	151	view	1	2026-05-26 20:36:41.382098+10
638	52	216	view	1	2026-05-26 20:36:41.382098+10
639	52	141	favorite	3	2026-05-26 20:36:41.382098+10
640	52	142	favorite	3	2026-05-26 20:36:41.382098+10
641	52	184	favorite	3	2026-05-26 20:36:41.382098+10
642	53	168	view	1	2026-05-26 20:36:41.382098+10
643	53	152	view	1	2026-05-26 20:36:41.382098+10
644	53	180	view	1	2026-05-26 20:36:41.382098+10
645	53	146	view	1	2026-05-26 20:36:41.382098+10
646	53	158	view	1	2026-05-26 20:36:41.382098+10
647	53	173	view	1	2026-05-26 20:36:41.382098+10
648	53	157	view	1	2026-05-26 20:36:41.382098+10
649	53	147	view	1	2026-05-26 20:36:41.382098+10
650	53	149	view	1	2026-05-26 20:36:41.382098+10
651	53	154	view	1	2026-05-26 20:36:41.382098+10
652	53	200	view	1	2026-05-26 20:36:41.382098+10
653	53	201	view	1	2026-05-26 20:36:41.382098+10
654	53	163	view	1	2026-05-26 20:36:41.382098+10
655	53	121	view	1	2026-05-26 20:36:41.382098+10
656	53	114	view	1	2026-05-26 20:36:41.382098+10
657	53	152	favorite	3	2026-05-26 20:36:41.382098+10
658	53	157	favorite	3	2026-05-26 20:36:41.382098+10
659	53	154	favorite	3	2026-05-26 20:36:41.382098+10
660	54	144	view	1	2026-05-26 20:36:41.382098+10
661	54	216	view	1	2026-05-26 20:36:41.382098+10
662	54	137	view	1	2026-05-26 20:36:41.382098+10
663	54	185	view	1	2026-05-26 20:36:41.382098+10
664	54	144	favorite	3	2026-05-26 20:36:41.382098+10
665	55	229	view	1	2026-05-26 20:36:41.382098+10
666	55	134	view	1	2026-05-26 20:36:41.382098+10
667	55	172	view	1	2026-05-26 20:36:41.382098+10
668	55	177	view	1	2026-05-26 20:36:41.382098+10
669	55	229	favorite	3	2026-05-26 20:36:41.382098+10
670	56	183	view	1	2026-05-26 20:36:41.382098+10
671	56	190	view	1	2026-05-26 20:36:41.382098+10
672	56	186	view	1	2026-05-26 20:36:41.382098+10
673	56	191	view	1	2026-05-26 20:36:41.382098+10
674	56	187	view	1	2026-05-26 20:36:41.382098+10
675	56	188	view	1	2026-05-26 20:36:41.382098+10
676	56	189	view	1	2026-05-26 20:36:41.382098+10
677	56	122	view	1	2026-05-26 20:36:41.382098+10
678	56	191	favorite	3	2026-05-26 20:36:41.382098+10
679	56	186	favorite	3	2026-05-26 20:36:41.382098+10
680	56	183	favorite	3	2026-05-26 20:36:41.382098+10
681	57	150	view	1	2026-05-26 20:36:41.382098+10
682	57	184	view	1	2026-05-26 20:36:41.382098+10
683	57	107	view	1	2026-05-26 20:36:41.382098+10
684	57	150	favorite	3	2026-05-26 20:36:41.382098+10
685	58	225	view	1	2026-05-26 20:36:41.382098+10
686	58	199	view	1	2026-05-26 20:36:41.382098+10
687	58	228	view	1	2026-05-26 20:36:41.382098+10
688	58	226	view	1	2026-05-26 20:36:41.382098+10
689	58	220	view	1	2026-05-26 20:36:41.382098+10
690	58	224	view	1	2026-05-26 20:36:41.382098+10
691	58	111	view	1	2026-05-26 20:36:41.382098+10
692	58	129	view	1	2026-05-26 20:36:41.382098+10
693	58	224	favorite	3	2026-05-26 20:36:41.382098+10
694	58	228	favorite	3	2026-05-26 20:36:41.382098+10
695	59	135	view	1	2026-05-26 20:36:41.382098+10
696	59	214	view	1	2026-05-26 20:36:41.382098+10
697	59	211	view	1	2026-05-26 20:36:41.382098+10
166	8	161	view	1	2026-04-27 18:09:56.86872+10
167	8	177	view	4	2026-04-27 18:12:02.24801+10
182	8	106	view	1	2026-04-27 21:07:47.652199+10
175	8	191	view	8	2026-04-27 18:27:05.348044+10
187	1	135	view	2	2026-05-01 15:44:05.549583+10
194	2	135	favorite	3	2026-05-01 15:45:23.494463+10
202	8	198	view	8	2026-05-12 16:41:36.262132+10
698	59	106	view	1	2026-05-26 20:36:41.382098+10
699	59	213	view	1	2026-05-26 20:36:41.382098+10
700	59	209	view	1	2026-05-26 20:36:41.382098+10
701	59	217	view	1	2026-05-26 20:36:41.382098+10
702	59	103	view	1	2026-05-26 20:36:41.382098+10
703	59	212	view	1	2026-05-26 20:36:41.382098+10
704	59	210	view	1	2026-05-26 20:36:41.382098+10
705	59	123	view	1	2026-05-26 20:36:41.382098+10
706	59	135	favorite	3	2026-05-26 20:36:41.382098+10
707	59	212	favorite	3	2026-05-26 20:36:41.382098+10
708	60	140	view	1	2026-05-26 20:36:41.382098+10
709	60	143	view	1	2026-05-26 20:36:41.382098+10
710	60	202	view	1	2026-05-26 20:36:41.382098+10
711	60	123	view	1	2026-05-26 20:36:41.382098+10
712	60	220	view	1	2026-05-26 20:36:41.382098+10
713	60	228	view	1	2026-05-26 20:36:41.382098+10
714	60	193	view	1	2026-05-26 20:36:41.382098+10
715	60	218	view	1	2026-05-26 20:36:41.382098+10
716	60	143	favorite	3	2026-05-26 20:36:41.382098+10
717	60	123	favorite	3	2026-05-26 20:36:41.382098+10
718	60	140	favorite	3	2026-05-26 20:36:41.382098+10
719	61	109	view	1	2026-05-26 20:36:41.382098+10
720	61	104	view	1	2026-05-26 20:36:41.382098+10
721	61	108	view	1	2026-05-26 20:36:41.382098+10
722	61	112	view	1	2026-05-26 20:36:41.382098+10
723	61	107	view	1	2026-05-26 20:36:41.382098+10
724	61	110	view	1	2026-05-26 20:36:41.382098+10
725	61	102	view	1	2026-05-26 20:36:41.382098+10
726	61	204	view	1	2026-05-26 20:36:41.382098+10
727	61	154	view	1	2026-05-26 20:36:41.382098+10
728	61	156	view	1	2026-05-26 20:36:41.382098+10
729	61	112	favorite	3	2026-05-26 20:36:41.382098+10
730	61	104	favorite	3	2026-05-26 20:36:41.382098+10
731	62	182	view	1	2026-05-26 20:36:41.382098+10
732	62	136	view	1	2026-05-26 20:36:41.382098+10
733	62	185	view	1	2026-05-26 20:36:41.382098+10
734	62	139	view	1	2026-05-26 20:36:41.382098+10
735	62	138	view	1	2026-05-26 20:36:41.382098+10
736	62	133	view	1	2026-05-26 20:36:41.382098+10
737	62	137	view	1	2026-05-26 20:36:41.382098+10
738	62	134	view	1	2026-05-26 20:36:41.382098+10
739	62	140	view	1	2026-05-26 20:36:41.382098+10
740	62	133	favorite	3	2026-05-26 20:36:41.382098+10
741	63	201	view	1	2026-05-26 20:36:41.382098+10
742	63	200	view	1	2026-05-26 20:36:41.382098+10
743	63	163	view	1	2026-05-26 20:36:41.382098+10
744	63	210	view	1	2026-05-26 20:36:41.382098+10
745	63	106	view	1	2026-05-26 20:36:41.382098+10
746	63	230	view	1	2026-05-26 20:36:41.382098+10
747	63	212	view	1	2026-05-26 20:36:41.382098+10
748	63	207	view	1	2026-05-26 20:36:41.382098+10
749	63	201	favorite	3	2026-05-26 20:36:41.382098+10
750	63	163	favorite	3	2026-05-26 20:36:41.382098+10
751	63	200	favorite	3	2026-05-26 20:36:41.382098+10
752	64	118	view	1	2026-05-26 20:36:41.382098+10
753	64	120	view	1	2026-05-26 20:36:41.382098+10
754	64	122	view	1	2026-05-26 20:36:41.382098+10
755	64	116	view	1	2026-05-26 20:36:41.382098+10
756	64	117	view	1	2026-05-26 20:36:41.382098+10
757	64	115	view	1	2026-05-26 20:36:41.382098+10
758	64	137	view	1	2026-05-26 20:36:41.382098+10
759	64	118	favorite	3	2026-05-26 20:36:41.382098+10
760	64	117	favorite	3	2026-05-26 20:36:41.382098+10
761	64	120	favorite	3	2026-05-26 20:36:41.382098+10
762	65	126	view	1	2026-05-26 20:36:41.382098+10
763	65	171	view	1	2026-05-26 20:36:41.382098+10
764	65	159	view	1	2026-05-26 20:36:41.382098+10
765	65	124	view	1	2026-05-26 20:36:41.382098+10
766	65	132	view	1	2026-05-26 20:36:41.382098+10
767	65	129	view	1	2026-05-26 20:36:41.382098+10
768	65	127	view	1	2026-05-26 20:36:41.382098+10
769	65	111	view	1	2026-05-26 20:36:41.382098+10
770	65	168	view	1	2026-05-26 20:36:41.382098+10
771	65	129	favorite	3	2026-05-26 20:36:41.382098+10
772	65	127	favorite	3	2026-05-26 20:36:41.382098+10
773	65	171	favorite	3	2026-05-26 20:36:41.382098+10
774	66	194	view	1	2026-05-26 20:36:41.382098+10
775	66	207	view	1	2026-05-26 20:36:41.382098+10
776	66	205	view	1	2026-05-26 20:36:41.382098+10
777	66	230	view	1	2026-05-26 20:36:41.382098+10
778	66	134	view	1	2026-05-26 20:36:41.382098+10
779	66	139	view	1	2026-05-26 20:36:41.382098+10
780	66	138	view	1	2026-05-26 20:36:41.382098+10
781	66	137	view	1	2026-05-26 20:36:41.382098+10
782	66	194	favorite	3	2026-05-26 20:36:41.382098+10
783	66	207	favorite	3	2026-05-26 20:36:41.382098+10
784	67	114	view	1	2026-05-26 20:36:41.382098+10
785	67	121	view	1	2026-05-26 20:36:41.382098+10
786	67	195	view	1	2026-05-26 20:36:41.382098+10
787	67	206	view	1	2026-05-26 20:36:41.382098+10
788	67	199	view	1	2026-05-26 20:36:41.382098+10
789	67	114	favorite	3	2026-05-26 20:36:41.382098+10
790	67	121	favorite	3	2026-05-26 20:36:41.382098+10
791	68	141	view	1	2026-05-26 20:36:41.382098+10
792	68	142	view	1	2026-05-26 20:36:41.382098+10
793	68	184	view	1	2026-05-26 20:36:41.382098+10
794	68	151	view	1	2026-05-26 20:36:41.382098+10
795	68	200	view	1	2026-05-26 20:36:41.382098+10
796	68	151	favorite	3	2026-05-26 20:36:41.382098+10
797	68	142	favorite	3	2026-05-26 20:36:41.382098+10
798	69	174	view	1	2026-05-26 20:36:41.382098+10
799	69	173	view	1	2026-05-26 20:36:41.382098+10
800	69	165	view	1	2026-05-26 20:36:41.382098+10
801	69	154	view	1	2026-05-26 20:36:41.382098+10
802	69	142	view	1	2026-05-26 20:36:41.382098+10
197	8	207	view	9	2026-05-10 11:55:42.388125+10
177	8	132	view	1	2026-04-27 18:28:03.994736+10
228	11	214	view	1	2026-05-26 20:36:41.382098+10
229	11	213	view	1	2026-05-26 20:36:41.382098+10
230	11	212	view	1	2026-05-26 20:36:41.382098+10
231	11	209	view	1	2026-05-26 20:36:41.382098+10
232	11	146	view	1	2026-05-26 20:36:41.382098+10
233	11	214	favorite	3	2026-05-26 20:36:41.382098+10
234	11	212	favorite	3	2026-05-26 20:36:41.382098+10
235	11	213	favorite	3	2026-05-26 20:36:41.382098+10
179	8	178	view	3	2026-04-27 18:30:02.933297+10
188	1	135	favorite	3	2026-05-01 15:44:07.732508+10
161	8	102	view	1	2026-04-27 15:24:44.120284+10
236	12	123	view	1	2026-05-26 20:36:41.382098+10
237	12	143	view	1	2026-05-26 20:36:41.382098+10
183	8	131	view	3	2026-04-27 21:09:18.613664+10
238	12	202	view	1	2026-05-26 20:36:41.382098+10
239	12	140	view	1	2026-05-26 20:36:41.382098+10
240	12	168	view	1	2026-05-26 20:36:41.382098+10
241	12	181	view	1	2026-05-26 20:36:41.382098+10
242	12	202	favorite	3	2026-05-26 20:36:41.382098+10
243	12	123	favorite	3	2026-05-26 20:36:41.382098+10
168	8	135	view	18	2026-04-27 18:21:24.183863+10
244	13	107	view	1	2026-05-26 20:36:41.382098+10
203	8	199	view	4	2026-05-12 16:41:44.358823+10
245	13	108	view	1	2026-05-26 20:36:41.382098+10
246	13	104	view	1	2026-05-26 20:36:41.382098+10
247	13	204	view	1	2026-05-26 20:36:41.382098+10
248	13	112	view	1	2026-05-26 20:36:41.382098+10
249	13	110	view	1	2026-05-26 20:36:41.382098+10
250	13	102	view	1	2026-05-26 20:36:41.382098+10
251	13	109	view	1	2026-05-26 20:36:41.382098+10
252	13	216	view	1	2026-05-26 20:36:41.382098+10
253	13	204	favorite	3	2026-05-26 20:36:41.382098+10
254	13	102	favorite	3	2026-05-26 20:36:41.382098+10
255	13	104	favorite	3	2026-05-26 20:36:41.382098+10
256	14	139	view	1	2026-05-26 20:36:41.382098+10
257	14	133	view	1	2026-05-26 20:36:41.382098+10
258	14	136	view	1	2026-05-26 20:36:41.382098+10
259	14	138	view	1	2026-05-26 20:36:41.382098+10
260	14	137	view	1	2026-05-26 20:36:41.382098+10
261	14	185	view	1	2026-05-26 20:36:41.382098+10
262	14	155	view	1	2026-05-26 20:36:41.382098+10
263	14	175	view	1	2026-05-26 20:36:41.382098+10
264	14	169	view	1	2026-05-26 20:36:41.382098+10
265	14	173	view	1	2026-05-26 20:36:41.382098+10
266	14	133	favorite	3	2026-05-26 20:36:41.382098+10
267	15	200	view	1	2026-05-26 20:36:41.382098+10
268	15	201	view	1	2026-05-26 20:36:41.382098+10
269	15	163	view	1	2026-05-26 20:36:41.382098+10
270	15	132	view	1	2026-05-26 20:36:41.382098+10
271	15	153	view	1	2026-05-26 20:36:41.382098+10
272	15	201	favorite	3	2026-05-26 20:36:41.382098+10
273	15	163	favorite	3	2026-05-26 20:36:41.382098+10
274	15	200	favorite	3	2026-05-26 20:36:41.382098+10
275	16	120	view	1	2026-05-26 20:36:41.382098+10
276	16	116	view	1	2026-05-26 20:36:41.382098+10
277	16	115	view	1	2026-05-26 20:36:41.382098+10
278	16	113	view	1	2026-05-26 20:36:41.382098+10
279	16	122	view	1	2026-05-26 20:36:41.382098+10
280	16	118	view	1	2026-05-26 20:36:41.382098+10
281	16	117	view	1	2026-05-26 20:36:41.382098+10
282	16	170	view	1	2026-05-26 20:36:41.382098+10
283	16	167	view	1	2026-05-26 20:36:41.382098+10
284	16	129	view	1	2026-05-26 20:36:41.382098+10
285	16	113	favorite	3	2026-05-26 20:36:41.382098+10
286	17	160	view	1	2026-05-26 20:36:41.382098+10
287	17	111	view	1	2026-05-26 20:36:41.382098+10
288	17	171	view	1	2026-05-26 20:36:41.382098+10
289	17	177	view	1	2026-05-26 20:36:41.382098+10
290	17	127	view	1	2026-05-26 20:36:41.382098+10
291	17	131	view	1	2026-05-26 20:36:41.382098+10
292	17	153	view	1	2026-05-26 20:36:41.382098+10
293	17	126	view	1	2026-05-26 20:36:41.382098+10
294	17	178	view	1	2026-05-26 20:36:41.382098+10
295	17	160	favorite	3	2026-05-26 20:36:41.382098+10
296	17	126	favorite	3	2026-05-26 20:36:41.382098+10
297	18	208	view	1	2026-05-26 20:36:41.382098+10
298	18	227	view	1	2026-05-26 20:36:41.382098+10
299	18	192	view	1	2026-05-26 20:36:41.382098+10
300	18	105	view	1	2026-05-26 20:36:41.382098+10
301	18	207	view	1	2026-05-26 20:36:41.382098+10
302	18	205	view	1	2026-05-26 20:36:41.382098+10
303	18	194	view	1	2026-05-26 20:36:41.382098+10
304	18	203	view	1	2026-05-26 20:36:41.382098+10
305	18	176	view	1	2026-05-26 20:36:41.382098+10
306	18	160	view	1	2026-05-26 20:36:41.382098+10
307	18	159	view	1	2026-05-26 20:36:41.382098+10
308	18	203	favorite	3	2026-05-26 20:36:41.382098+10
309	18	207	favorite	3	2026-05-26 20:36:41.382098+10
310	19	114	view	1	2026-05-26 20:36:41.382098+10
311	19	121	view	1	2026-05-26 20:36:41.382098+10
312	19	102	view	1	2026-05-26 20:36:41.382098+10
313	19	135	view	1	2026-05-26 20:36:41.382098+10
314	19	210	view	1	2026-05-26 20:36:41.382098+10
315	19	110	view	1	2026-05-26 20:36:41.382098+10
316	19	212	view	1	2026-05-26 20:36:41.382098+10
317	19	121	favorite	3	2026-05-26 20:36:41.382098+10
318	20	141	view	1	2026-05-26 20:36:41.382098+10
319	20	142	view	1	2026-05-26 20:36:41.382098+10
320	20	151	view	1	2026-05-26 20:36:41.382098+10
321	20	184	view	1	2026-05-26 20:36:41.382098+10
322	20	130	view	1	2026-05-26 20:36:41.382098+10
323	20	142	favorite	3	2026-05-26 20:36:41.382098+10
324	21	152	view	1	2026-05-26 20:36:41.382098+10
325	21	166	view	1	2026-05-26 20:36:41.382098+10
326	21	174	view	1	2026-05-26 20:36:41.382098+10
327	21	162	view	1	2026-05-26 20:36:41.382098+10
328	21	207	view	1	2026-05-26 20:36:41.382098+10
329	21	194	view	1	2026-05-26 20:36:41.382098+10
330	21	142	view	1	2026-05-26 20:36:41.382098+10
331	21	208	view	1	2026-05-26 20:36:41.382098+10
332	21	166	favorite	3	2026-05-26 20:36:41.382098+10
333	22	216	view	1	2026-05-26 20:36:41.382098+10
334	22	144	view	1	2026-05-26 20:36:41.382098+10
335	22	139	view	1	2026-05-26 20:36:41.382098+10
336	22	216	favorite	3	2026-05-26 20:36:41.382098+10
337	22	144	favorite	3	2026-05-26 20:36:41.382098+10
338	23	229	view	1	2026-05-26 20:36:41.382098+10
339	23	150	view	1	2026-05-26 20:36:41.382098+10
340	23	121	view	1	2026-05-26 20:36:41.382098+10
341	23	114	view	1	2026-05-26 20:36:41.382098+10
342	23	229	favorite	3	2026-05-26 20:36:41.382098+10
343	24	183	view	1	2026-05-26 20:36:41.382098+10
344	24	186	view	1	2026-05-26 20:36:41.382098+10
345	24	187	view	1	2026-05-26 20:36:41.382098+10
346	24	189	view	1	2026-05-26 20:36:41.382098+10
347	24	144	view	1	2026-05-26 20:36:41.382098+10
348	24	187	favorite	3	2026-05-26 20:36:41.382098+10
349	25	150	view	1	2026-05-26 20:36:41.382098+10
350	25	179	view	1	2026-05-26 20:36:41.382098+10
173	8	155	view	7	2026-04-27 18:23:02.578373+10
803	69	173	favorite	3	2026-05-26 20:36:41.382098+10
804	69	174	favorite	3	2026-05-26 20:36:41.382098+10
805	70	216	view	1	2026-05-26 20:36:41.382098+10
806	70	144	view	1	2026-05-26 20:36:41.382098+10
807	70	187	view	1	2026-05-26 20:36:41.382098+10
808	70	144	favorite	3	2026-05-26 20:36:41.382098+10
809	71	229	view	1	2026-05-26 20:36:41.382098+10
810	71	197	view	1	2026-05-26 20:36:41.382098+10
811	71	218	view	1	2026-05-26 20:36:41.382098+10
812	71	198	view	1	2026-05-26 20:36:41.382098+10
813	71	229	favorite	3	2026-05-26 20:36:41.382098+10
814	72	187	view	1	2026-05-26 20:36:41.382098+10
815	72	188	view	1	2026-05-26 20:36:41.382098+10
816	72	183	view	1	2026-05-26 20:36:41.382098+10
817	72	190	view	1	2026-05-26 20:36:41.382098+10
818	72	140	view	1	2026-05-26 20:36:41.382098+10
819	72	144	view	1	2026-05-26 20:36:41.382098+10
820	72	202	view	1	2026-05-26 20:36:41.382098+10
821	72	188	favorite	3	2026-05-26 20:36:41.382098+10
822	73	150	view	1	2026-05-26 20:36:41.382098+10
823	73	121	view	1	2026-05-26 20:36:41.382098+10
824	73	190	view	1	2026-05-26 20:36:41.382098+10
825	73	150	favorite	3	2026-05-26 20:36:41.382098+10
826	74	196	view	1	2026-05-26 20:36:41.382098+10
827	74	228	view	1	2026-05-26 20:36:41.382098+10
828	74	219	view	1	2026-05-26 20:36:41.382098+10
829	74	193	view	1	2026-05-26 20:36:41.382098+10
830	74	150	view	1	2026-05-26 20:36:41.382098+10
831	74	193	favorite	3	2026-05-26 20:36:41.382098+10
832	74	228	favorite	3	2026-05-26 20:36:41.382098+10
833	74	196	favorite	3	2026-05-26 20:36:41.382098+10
834	75	213	view	1	2026-05-26 20:36:41.382098+10
835	75	210	view	1	2026-05-26 20:36:41.382098+10
836	75	212	view	1	2026-05-26 20:36:41.382098+10
837	75	209	view	1	2026-05-26 20:36:41.382098+10
838	75	157	view	1	2026-05-26 20:36:41.382098+10
839	75	164	view	1	2026-05-26 20:36:41.382098+10
840	75	166	view	1	2026-05-26 20:36:41.382098+10
841	75	212	favorite	3	2026-05-26 20:36:41.382098+10
842	75	209	favorite	3	2026-05-26 20:36:41.382098+10
843	76	202	view	1	2026-05-26 20:36:41.382098+10
844	76	140	view	1	2026-05-26 20:36:41.382098+10
845	76	143	view	1	2026-05-26 20:36:41.382098+10
846	76	123	view	1	2026-05-26 20:36:41.382098+10
847	76	164	view	1	2026-05-26 20:36:41.382098+10
848	76	154	view	1	2026-05-26 20:36:41.382098+10
849	76	188	view	1	2026-05-26 20:36:41.382098+10
850	76	123	favorite	3	2026-05-26 20:36:41.382098+10
851	76	143	favorite	3	2026-05-26 20:36:41.382098+10
852	77	108	view	1	2026-05-26 20:36:41.382098+10
853	77	107	view	1	2026-05-26 20:36:41.382098+10
854	77	110	view	1	2026-05-26 20:36:41.382098+10
855	77	109	view	1	2026-05-26 20:36:41.382098+10
856	77	104	view	1	2026-05-26 20:36:41.382098+10
857	77	204	view	1	2026-05-26 20:36:41.382098+10
858	77	102	view	1	2026-05-26 20:36:41.382098+10
859	77	113	view	1	2026-05-26 20:36:41.382098+10
860	77	122	view	1	2026-05-26 20:36:41.382098+10
861	77	116	view	1	2026-05-26 20:36:41.382098+10
862	77	120	view	1	2026-05-26 20:36:41.382098+10
863	77	117	view	1	2026-05-26 20:36:41.382098+10
864	77	109	favorite	3	2026-05-26 20:36:41.382098+10
865	77	107	favorite	3	2026-05-26 20:36:41.382098+10
866	77	204	favorite	3	2026-05-26 20:36:41.382098+10
867	78	134	view	1	2026-05-26 20:36:41.382098+10
868	78	119	view	1	2026-05-26 20:36:41.382098+10
869	78	136	view	1	2026-05-26 20:36:41.382098+10
870	78	133	view	1	2026-05-26 20:36:41.382098+10
871	78	137	view	1	2026-05-26 20:36:41.382098+10
872	78	139	view	1	2026-05-26 20:36:41.382098+10
873	78	221	view	1	2026-05-26 20:36:41.382098+10
874	78	124	view	1	2026-05-26 20:36:41.382098+10
875	78	127	view	1	2026-05-26 20:36:41.382098+10
876	78	231	view	1	2026-05-26 20:36:41.382098+10
877	78	177	view	1	2026-05-26 20:36:41.382098+10
878	78	137	favorite	3	2026-05-26 20:36:41.382098+10
879	78	133	favorite	3	2026-05-26 20:36:41.382098+10
880	78	139	favorite	3	2026-05-26 20:36:41.382098+10
881	79	163	view	1	2026-05-26 20:36:41.382098+10
882	79	200	view	1	2026-05-26 20:36:41.382098+10
883	79	201	view	1	2026-05-26 20:36:41.382098+10
884	79	162	view	1	2026-05-26 20:36:41.382098+10
885	79	180	view	1	2026-05-26 20:36:41.382098+10
886	79	158	view	1	2026-05-26 20:36:41.382098+10
887	79	201	favorite	3	2026-05-26 20:36:41.382098+10
888	79	163	favorite	3	2026-05-26 20:36:41.382098+10
889	80	117	view	1	2026-05-26 20:36:41.382098+10
890	80	113	view	1	2026-05-26 20:36:41.382098+10
891	80	116	view	1	2026-05-26 20:36:41.382098+10
892	80	122	view	1	2026-05-26 20:36:41.382098+10
893	80	120	view	1	2026-05-26 20:36:41.382098+10
894	80	115	view	1	2026-05-26 20:36:41.382098+10
895	80	171	view	1	2026-05-26 20:36:41.382098+10
896	80	124	view	1	2026-05-26 20:36:41.382098+10
897	80	122	favorite	3	2026-05-26 20:36:41.382098+10
898	80	113	favorite	3	2026-05-26 20:36:41.382098+10
899	81	170	view	1	2026-05-26 20:36:41.382098+10
900	81	167	view	1	2026-05-26 20:36:41.382098+10
901	81	130	view	1	2026-05-26 20:36:41.382098+10
902	81	171	view	1	2026-05-26 20:36:41.382098+10
903	81	124	view	1	2026-05-26 20:36:41.382098+10
904	81	128	view	1	2026-05-26 20:36:41.382098+10
905	81	172	view	1	2026-05-26 20:36:41.382098+10
906	81	111	view	1	2026-05-26 20:36:41.382098+10
907	81	160	view	1	2026-05-26 20:36:41.382098+10
908	81	159	view	1	2026-05-26 20:36:41.382098+10
909	81	141	view	1	2026-05-26 20:36:41.382098+10
910	81	159	favorite	3	2026-05-26 20:36:41.382098+10
911	81	160	favorite	3	2026-05-26 20:36:41.382098+10
912	82	208	view	1	2026-05-26 20:36:41.382098+10
913	82	205	view	1	2026-05-26 20:36:41.382098+10
914	82	227	view	1	2026-05-26 20:36:41.382098+10
915	82	194	view	1	2026-05-26 20:36:41.382098+10
916	82	203	view	1	2026-05-26 20:36:41.382098+10
917	82	105	view	1	2026-05-26 20:36:41.382098+10
918	82	192	view	1	2026-05-26 20:36:41.382098+10
919	82	104	view	1	2026-05-26 20:36:41.382098+10
920	82	184	view	1	2026-05-26 20:36:41.382098+10
921	82	110	view	1	2026-05-26 20:36:41.382098+10
922	82	109	view	1	2026-05-26 20:36:41.382098+10
923	82	105	favorite	3	2026-05-26 20:36:41.382098+10
924	82	208	favorite	3	2026-05-26 20:36:41.382098+10
925	83	114	view	1	2026-05-26 20:36:41.382098+10
926	83	121	view	1	2026-05-26 20:36:41.382098+10
927	83	208	view	1	2026-05-26 20:36:41.382098+10
928	83	205	view	1	2026-05-26 20:36:41.382098+10
929	83	114	favorite	3	2026-05-26 20:36:41.382098+10
930	83	121	favorite	3	2026-05-26 20:36:41.382098+10
931	84	151	view	1	2026-05-26 20:36:41.382098+10
932	84	142	view	1	2026-05-26 20:36:41.382098+10
933	84	184	view	1	2026-05-26 20:36:41.382098+10
934	84	141	view	1	2026-05-26 20:36:41.382098+10
935	84	153	view	1	2026-05-26 20:36:41.382098+10
936	84	170	view	1	2026-05-26 20:36:41.382098+10
937	84	119	view	1	2026-05-26 20:36:41.382098+10
938	84	141	favorite	3	2026-05-26 20:36:41.382098+10
939	84	142	favorite	3	2026-05-26 20:36:41.382098+10
940	85	162	view	1	2026-05-26 20:36:41.382098+10
941	85	158	view	1	2026-05-26 20:36:41.382098+10
942	85	175	view	1	2026-05-26 20:36:41.382098+10
943	85	180	view	1	2026-05-26 20:36:41.382098+10
944	85	156	view	1	2026-05-26 20:36:41.382098+10
945	85	152	view	1	2026-05-26 20:36:41.382098+10
946	85	149	view	1	2026-05-26 20:36:41.382098+10
947	85	157	view	1	2026-05-26 20:36:41.382098+10
948	85	164	view	1	2026-05-26 20:36:41.382098+10
949	85	145	view	1	2026-05-26 20:36:41.382098+10
950	85	178	view	1	2026-05-26 20:36:41.382098+10
951	85	168	view	1	2026-05-26 20:36:41.382098+10
952	85	181	view	1	2026-05-26 20:36:41.382098+10
953	85	113	view	1	2026-05-26 20:36:41.382098+10
954	85	118	view	1	2026-05-26 20:36:41.382098+10
955	85	106	view	1	2026-05-26 20:36:41.382098+10
956	85	115	view	1	2026-05-26 20:36:41.382098+10
957	85	145	favorite	3	2026-05-26 20:36:41.382098+10
958	85	149	favorite	3	2026-05-26 20:36:41.382098+10
959	86	216	view	1	2026-05-26 20:36:41.382098+10
960	86	144	view	1	2026-05-26 20:36:41.382098+10
961	86	231	view	1	2026-05-26 20:36:41.382098+10
962	86	140	view	1	2026-05-26 20:36:41.382098+10
963	86	196	view	1	2026-05-26 20:36:41.382098+10
964	86	144	favorite	3	2026-05-26 20:36:41.382098+10
965	87	229	view	1	2026-05-26 20:36:41.382098+10
966	87	211	view	1	2026-05-26 20:36:41.382098+10
967	87	214	view	1	2026-05-26 20:36:41.382098+10
968	87	108	view	1	2026-05-26 20:36:41.382098+10
969	87	135	view	1	2026-05-26 20:36:41.382098+10
970	87	229	favorite	3	2026-05-26 20:36:41.382098+10
971	88	190	view	1	2026-05-26 20:36:41.382098+10
972	88	188	view	1	2026-05-26 20:36:41.382098+10
973	88	186	view	1	2026-05-26 20:36:41.382098+10
974	88	183	view	1	2026-05-26 20:36:41.382098+10
975	88	191	view	1	2026-05-26 20:36:41.382098+10
976	88	189	view	1	2026-05-26 20:36:41.382098+10
977	88	187	view	1	2026-05-26 20:36:41.382098+10
978	88	210	view	1	2026-05-26 20:36:41.382098+10
979	88	186	favorite	3	2026-05-26 20:36:41.382098+10
980	88	187	favorite	3	2026-05-26 20:36:41.382098+10
981	88	188	favorite	3	2026-05-26 20:36:41.382098+10
982	89	150	view	1	2026-05-26 20:36:41.382098+10
983	89	160	view	1	2026-05-26 20:36:41.382098+10
984	89	167	view	1	2026-05-26 20:36:41.382098+10
985	89	127	view	1	2026-05-26 20:36:41.382098+10
986	89	131	view	1	2026-05-26 20:36:41.382098+10
987	89	128	view	1	2026-05-26 20:36:41.382098+10
988	89	150	favorite	3	2026-05-26 20:36:41.382098+10
989	90	220	view	1	2026-05-26 20:36:41.382098+10
990	90	193	view	1	2026-05-26 20:36:41.382098+10
991	90	228	view	1	2026-05-26 20:36:41.382098+10
992	90	197	view	1	2026-05-26 20:36:41.382098+10
993	90	218	view	1	2026-05-26 20:36:41.382098+10
994	90	161	view	1	2026-05-26 20:36:41.382098+10
995	90	154	view	1	2026-05-26 20:36:41.382098+10
996	90	168	view	1	2026-05-26 20:36:41.382098+10
997	90	176	view	1	2026-05-26 20:36:41.382098+10
998	90	118	view	1	2026-05-26 20:36:41.382098+10
999	90	218	favorite	3	2026-05-26 20:36:41.382098+10
1000	91	214	view	1	2026-05-26 20:36:41.382098+10
1001	91	213	view	1	2026-05-26 20:36:41.382098+10
1002	91	211	view	1	2026-05-26 20:36:41.382098+10
1003	91	215	view	1	2026-05-26 20:36:41.382098+10
1004	91	106	view	1	2026-05-26 20:36:41.382098+10
1005	91	150	view	1	2026-05-26 20:36:41.382098+10
1006	91	201	view	1	2026-05-26 20:36:41.382098+10
1007	91	163	view	1	2026-05-26 20:36:41.382098+10
1008	91	106	favorite	3	2026-05-26 20:36:41.382098+10
1009	91	213	favorite	3	2026-05-26 20:36:41.382098+10
1010	91	214	favorite	3	2026-05-26 20:36:41.382098+10
1011	92	202	view	1	2026-05-26 20:36:41.382098+10
1012	92	143	view	1	2026-05-26 20:36:41.382098+10
1013	92	123	view	1	2026-05-26 20:36:41.382098+10
1014	92	140	view	1	2026-05-26 20:36:41.382098+10
1015	92	193	view	1	2026-05-26 20:36:41.382098+10
1016	92	176	view	1	2026-05-26 20:36:41.382098+10
1017	92	140	favorite	3	2026-05-26 20:36:41.382098+10
1018	92	202	favorite	3	2026-05-26 20:36:41.382098+10
1019	93	109	view	1	2026-05-26 20:36:41.382098+10
1020	93	108	view	1	2026-05-26 20:36:41.382098+10
1021	93	107	view	1	2026-05-26 20:36:41.382098+10
1022	93	112	view	1	2026-05-26 20:36:41.382098+10
1023	93	104	view	1	2026-05-26 20:36:41.382098+10
1024	93	102	view	1	2026-05-26 20:36:41.382098+10
1025	93	216	view	1	2026-05-26 20:36:41.382098+10
1026	93	190	view	1	2026-05-26 20:36:41.382098+10
1027	93	112	favorite	3	2026-05-26 20:36:41.382098+10
1028	93	108	favorite	3	2026-05-26 20:36:41.382098+10
1029	94	138	view	1	2026-05-26 20:36:41.382098+10
1030	94	134	view	1	2026-05-26 20:36:41.382098+10
1031	94	185	view	1	2026-05-26 20:36:41.382098+10
1032	94	139	view	1	2026-05-26 20:36:41.382098+10
1033	94	119	view	1	2026-05-26 20:36:41.382098+10
1034	94	136	view	1	2026-05-26 20:36:41.382098+10
1035	94	137	view	1	2026-05-26 20:36:41.382098+10
1036	94	133	view	1	2026-05-26 20:36:41.382098+10
1037	94	182	view	1	2026-05-26 20:36:41.382098+10
1038	94	150	view	1	2026-05-26 20:36:41.382098+10
1039	94	182	favorite	3	2026-05-26 20:36:41.382098+10
1040	94	133	favorite	3	2026-05-26 20:36:41.382098+10
1041	95	201	view	1	2026-05-26 20:36:41.382098+10
1042	95	200	view	1	2026-05-26 20:36:41.382098+10
1043	95	163	view	1	2026-05-26 20:36:41.382098+10
1044	95	189	view	1	2026-05-26 20:36:41.382098+10
1045	95	231	view	1	2026-05-26 20:36:41.382098+10
1046	95	228	view	1	2026-05-26 20:36:41.382098+10
1047	95	200	favorite	3	2026-05-26 20:36:41.382098+10
1048	96	117	view	1	2026-05-26 20:36:41.382098+10
1049	96	113	view	1	2026-05-26 20:36:41.382098+10
1050	96	118	view	1	2026-05-26 20:36:41.382098+10
1051	96	116	view	1	2026-05-26 20:36:41.382098+10
1052	96	191	view	1	2026-05-26 20:36:41.382098+10
1053	96	186	view	1	2026-05-26 20:36:41.382098+10
1054	96	133	view	1	2026-05-26 20:36:41.382098+10
1055	96	116	favorite	3	2026-05-26 20:36:41.382098+10
1056	97	125	view	1	2026-05-26 20:36:41.382098+10
1057	97	172	view	1	2026-05-26 20:36:41.382098+10
1058	97	177	view	1	2026-05-26 20:36:41.382098+10
1059	97	111	view	1	2026-05-26 20:36:41.382098+10
1060	97	167	view	1	2026-05-26 20:36:41.382098+10
1061	97	126	view	1	2026-05-26 20:36:41.382098+10
1062	97	121	view	1	2026-05-26 20:36:41.382098+10
1063	97	184	view	1	2026-05-26 20:36:41.382098+10
1064	97	142	view	1	2026-05-26 20:36:41.382098+10
1065	97	167	favorite	3	2026-05-26 20:36:41.382098+10
1066	97	177	favorite	3	2026-05-26 20:36:41.382098+10
1067	97	111	favorite	3	2026-05-26 20:36:41.382098+10
1068	98	207	view	1	2026-05-26 20:36:41.382098+10
1069	98	203	view	1	2026-05-26 20:36:41.382098+10
1070	98	227	view	1	2026-05-26 20:36:41.382098+10
1071	98	194	view	1	2026-05-26 20:36:41.382098+10
1072	98	205	view	1	2026-05-26 20:36:41.382098+10
1073	98	230	view	1	2026-05-26 20:36:41.382098+10
1074	98	192	view	1	2026-05-26 20:36:41.382098+10
1075	98	208	view	1	2026-05-26 20:36:41.382098+10
1076	98	164	view	1	2026-05-26 20:36:41.382098+10
1077	98	203	favorite	3	2026-05-26 20:36:41.382098+10
1078	98	208	favorite	3	2026-05-26 20:36:41.382098+10
1079	98	207	favorite	3	2026-05-26 20:36:41.382098+10
1080	99	114	view	1	2026-05-26 20:36:41.382098+10
1081	99	121	view	1	2026-05-26 20:36:41.382098+10
1082	99	230	view	1	2026-05-26 20:36:41.382098+10
1083	99	109	view	1	2026-05-26 20:36:41.382098+10
1084	99	110	view	1	2026-05-26 20:36:41.382098+10
1085	99	121	favorite	3	2026-05-26 20:36:41.382098+10
1086	99	114	favorite	3	2026-05-26 20:36:41.382098+10
1087	100	142	view	1	2026-05-26 20:36:41.382098+10
1088	100	151	view	1	2026-05-26 20:36:41.382098+10
1089	100	184	view	1	2026-05-26 20:36:41.382098+10
1090	100	141	view	1	2026-05-26 20:36:41.382098+10
1091	100	160	view	1	2026-05-26 20:36:41.382098+10
1092	100	141	favorite	3	2026-05-26 20:36:41.382098+10
1093	100	151	favorite	3	2026-05-26 20:36:41.382098+10
1094	100	184	favorite	3	2026-05-26 20:36:41.382098+10
1095	101	158	view	1	2026-05-26 20:36:41.382098+10
1096	101	179	view	1	2026-05-26 20:36:41.382098+10
1097	101	176	view	1	2026-05-26 20:36:41.382098+10
1098	101	149	view	1	2026-05-26 20:36:41.382098+10
1099	101	166	view	1	2026-05-26 20:36:41.382098+10
1100	101	161	view	1	2026-05-26 20:36:41.382098+10
1101	101	156	view	1	2026-05-26 20:36:41.382098+10
1102	101	109	view	1	2026-05-26 20:36:41.382098+10
1103	101	104	view	1	2026-05-26 20:36:41.382098+10
1104	101	130	view	1	2026-05-26 20:36:41.382098+10
1105	101	124	view	1	2026-05-26 20:36:41.382098+10
1106	101	108	view	1	2026-05-26 20:36:41.382098+10
1107	101	179	favorite	3	2026-05-26 20:36:41.382098+10
1108	101	161	favorite	3	2026-05-26 20:36:41.382098+10
1109	101	156	favorite	3	2026-05-26 20:36:41.382098+10
1110	102	144	view	1	2026-05-26 20:36:41.382098+10
1111	102	216	view	1	2026-05-26 20:36:41.382098+10
1112	102	122	view	1	2026-05-26 20:36:41.382098+10
1113	102	120	view	1	2026-05-26 20:36:41.382098+10
1114	102	113	view	1	2026-05-26 20:36:41.382098+10
1115	102	144	favorite	3	2026-05-26 20:36:41.382098+10
1116	103	229	view	1	2026-05-26 20:36:41.382098+10
1117	103	162	view	1	2026-05-26 20:36:41.382098+10
1118	103	229	favorite	3	2026-05-26 20:36:41.382098+10
1119	104	191	view	1	2026-05-26 20:36:41.382098+10
1120	104	190	view	1	2026-05-26 20:36:41.382098+10
1121	104	186	view	1	2026-05-26 20:36:41.382098+10
1122	104	189	view	1	2026-05-26 20:36:41.382098+10
1123	104	182	view	1	2026-05-26 20:36:41.382098+10
1124	104	107	view	1	2026-05-26 20:36:41.382098+10
1125	104	190	favorite	3	2026-05-26 20:36:41.382098+10
1126	104	191	favorite	3	2026-05-26 20:36:41.382098+10
1127	105	150	view	1	2026-05-26 20:36:41.382098+10
1128	105	186	view	1	2026-05-26 20:36:41.382098+10
1129	105	104	view	1	2026-05-26 20:36:41.382098+10
1130	105	109	view	1	2026-05-26 20:36:41.382098+10
1131	105	187	view	1	2026-05-26 20:36:41.382098+10
1132	105	150	favorite	3	2026-05-26 20:36:41.382098+10
1133	106	231	view	1	2026-05-26 20:36:41.382098+10
1134	106	224	view	1	2026-05-26 20:36:41.382098+10
1135	106	219	view	1	2026-05-26 20:36:41.382098+10
1136	106	228	view	1	2026-05-26 20:36:41.382098+10
1137	106	196	view	1	2026-05-26 20:36:41.382098+10
1138	106	222	view	1	2026-05-26 20:36:41.382098+10
1139	106	230	view	1	2026-05-26 20:36:41.382098+10
1140	106	200	view	1	2026-05-26 20:36:41.382098+10
1141	106	207	view	1	2026-05-26 20:36:41.382098+10
1142	106	224	favorite	3	2026-05-26 20:36:41.382098+10
1143	107	211	view	1	2026-05-26 20:36:41.382098+10
1144	107	210	view	1	2026-05-26 20:36:41.382098+10
1145	107	215	view	1	2026-05-26 20:36:41.382098+10
1146	107	217	view	1	2026-05-26 20:36:41.382098+10
1147	107	135	view	1	2026-05-26 20:36:41.382098+10
1148	107	156	view	1	2026-05-26 20:36:41.382098+10
1149	107	154	view	1	2026-05-26 20:36:41.382098+10
1150	107	229	view	1	2026-05-26 20:36:41.382098+10
1151	107	158	view	1	2026-05-26 20:36:41.382098+10
1152	107	155	view	1	2026-05-26 20:36:41.382098+10
1153	107	135	favorite	3	2026-05-26 20:36:41.382098+10
1154	108	123	view	1	2026-05-26 20:36:41.382098+10
1155	108	202	view	1	2026-05-26 20:36:41.382098+10
1156	108	143	view	1	2026-05-26 20:36:41.382098+10
1157	108	140	view	1	2026-05-26 20:36:41.382098+10
1158	108	195	view	1	2026-05-26 20:36:41.382098+10
1159	108	224	view	1	2026-05-26 20:36:41.382098+10
1160	108	218	view	1	2026-05-26 20:36:41.382098+10
1161	108	226	view	1	2026-05-26 20:36:41.382098+10
1162	108	222	view	1	2026-05-26 20:36:41.382098+10
1163	108	140	favorite	3	2026-05-26 20:36:41.382098+10
1164	109	104	view	1	2026-05-26 20:36:41.382098+10
1165	109	112	view	1	2026-05-26 20:36:41.382098+10
1166	109	108	view	1	2026-05-26 20:36:41.382098+10
1167	109	107	view	1	2026-05-26 20:36:41.382098+10
1168	109	204	view	1	2026-05-26 20:36:41.382098+10
1169	109	110	view	1	2026-05-26 20:36:41.382098+10
1170	109	109	view	1	2026-05-26 20:36:41.382098+10
1171	109	217	view	1	2026-05-26 20:36:41.382098+10
1172	109	103	view	1	2026-05-26 20:36:41.382098+10
1173	109	215	view	1	2026-05-26 20:36:41.382098+10
1174	109	104	favorite	3	2026-05-26 20:36:41.382098+10
1175	109	110	favorite	3	2026-05-26 20:36:41.382098+10
1176	110	136	view	1	2026-05-26 20:36:41.382098+10
1177	110	119	view	1	2026-05-26 20:36:41.382098+10
1178	110	138	view	1	2026-05-26 20:36:41.382098+10
1179	110	185	view	1	2026-05-26 20:36:41.382098+10
1180	110	225	view	1	2026-05-26 20:36:41.382098+10
1181	110	222	view	1	2026-05-26 20:36:41.382098+10
1182	110	206	view	1	2026-05-26 20:36:41.382098+10
1183	110	195	view	1	2026-05-26 20:36:41.382098+10
1184	110	223	view	1	2026-05-26 20:36:41.382098+10
1185	110	119	favorite	3	2026-05-26 20:36:41.382098+10
1186	110	185	favorite	3	2026-05-26 20:36:41.382098+10
1187	11	137	view	2	2026-05-29 14:13:50.631669+10
1188	11	195	view	2	2026-05-29 14:14:09.725051+10
1189	11	197	view	4	2026-05-29 14:14:19.716452+10
1191	8	217	view	2	2026-06-01 12:01:36.212906+10
1192	8	197	view	2	2026-06-01 12:02:05.596824+10
198	8	196	view	5	2026-05-10 11:57:28.190726+10
186	8	184	view	4	2026-05-01 15:16:55.82674+10
1193	11	121	view	1	2026-06-09 21:55:07.679179+10
1190	8	121	view	3	2026-06-01 11:51:49.435367+10
1194	8	142	view	2	2026-06-09 22:17:58.013826+10
1195	8	205	view	2	2026-06-09 23:40:57.328641+10
1196	8	123	view	2	2026-06-09 23:41:15.344104+10
1197	8	108	view	1	2026-06-09 23:41:35.38606+10
1199	8	139	view	4	2026-06-09 23:43:56.497881+10
1200	8	181	view	2	2026-06-10 00:54:00.204766+10
1201	8	156	view	2	2026-06-15 18:55:57.510614+10
1198	8	117	view	4	2026-06-09 23:41:53.888211+10
1202	111	207	view	4	2026-06-26 15:27:01.887017+10
1203	111	230	view	2	2026-06-26 15:28:07.823845+10
1204	111	230	favorite	3	2026-06-26 15:28:10.333772+10
\.


--
-- Data for Name: ratings; Type: TABLE DATA; Schema: public; Owner: -
--

COPY public.ratings (id, user_id, document_id, score) FROM stdin;
38	1	135	5
39	1	138	5
40	1	182	5
41	2	135	5
42	2	138	5
43	8	138	5
47	11	214	4
48	11	209	5
49	12	202	3
50	12	123	3
51	13	204	3
52	13	102	4
53	14	136	4
54	14	138	4
55	15	200	3
56	15	163	3
57	15	201	3
58	16	118	4
59	16	117	5
60	17	127	4
61	17	111	5
62	17	160	3
63	18	227	3
64	18	203	3
65	18	194	5
66	19	121	4
67	19	114	3
68	20	142	4
69	20	184	4
70	20	141	5
71	21	152	5
72	21	166	5
73	21	174	4
74	22	216	5
75	22	144	5
76	23	229	4
77	24	187	5
78	24	183	4
79	25	150	4
80	26	196	5
81	26	206	5
82	26	231	4
83	27	209	5
84	27	211	5
85	28	140	3
86	28	123	4
87	28	202	4
88	29	107	4
89	29	108	5
90	29	109	4
91	30	119	5
92	30	133	3
93	30	182	4
94	31	201	4
95	31	200	4
96	32	115	5
97	32	120	3
98	33	125	4
99	33	129	4
100	33	167	5
101	34	105	4
102	34	207	4
103	34	205	5
104	35	114	5
105	35	121	4
106	36	184	5
107	36	142	5
108	37	146	5
109	37	179	5
110	38	144	3
111	38	216	5
112	39	229	5
113	40	191	5
114	40	187	5
115	40	186	4
116	41	150	4
117	42	225	4
118	42	206	4
119	43	213	3
120	43	135	5
121	44	202	5
122	44	123	5
123	44	140	5
124	45	108	5
125	45	107	5
126	45	104	4
127	46	133	4
128	46	139	4
129	46	185	4
130	47	163	5
131	47	201	4
132	48	115	5
133	48	122	5
134	48	116	4
135	49	124	4
136	49	129	3
137	50	203	5
138	50	230	4
139	51	114	4
140	51	121	5
141	52	151	5
142	52	142	4
143	53	147	5
144	53	180	5
145	54	144	5
146	54	216	4
147	55	229	5
148	56	187	4
149	56	188	5
150	57	150	5
151	58	226	4
152	58	225	5
153	59	210	5
154	59	106	4
155	59	214	5
156	60	123	5
157	60	143	4
158	60	140	4
159	61	104	5
160	61	102	4
161	62	133	4
162	62	182	3
163	63	200	5
164	63	201	4
165	63	163	5
166	64	116	4
167	64	120	4
168	64	115	4
169	65	129	3
170	65	111	4
171	66	230	5
172	66	205	5
173	67	114	4
174	67	121	4
175	68	151	5
176	68	142	3
177	68	141	4
178	69	165	3
179	69	173	5
180	69	174	4
181	70	144	5
182	70	216	5
183	71	229	4
184	72	188	5
185	72	187	5
186	72	183	4
187	73	150	5
188	74	228	5
189	74	193	5
190	74	219	4
191	75	212	4
192	75	213	5
193	76	140	5
194	76	143	4
195	76	202	4
196	77	102	5
197	77	204	5
198	78	133	5
199	78	137	5
200	78	139	5
201	79	163	5
202	79	201	5
203	79	200	4
204	80	122	5
205	80	120	3
206	80	117	4
207	81	160	5
208	81	171	4
209	82	192	4
210	82	208	5
211	82	227	3
212	83	114	5
213	83	121	4
214	84	141	4
215	84	142	4
216	84	151	5
217	85	178	5
218	85	162	4
219	85	158	5
220	86	144	5
221	86	216	5
222	87	229	5
223	88	187	5
224	88	186	3
225	89	150	5
226	90	228	4
227	90	193	5
228	91	106	3
229	91	214	5
230	91	215	5
231	92	143	4
232	92	140	4
233	93	109	4
234	93	102	4
235	94	139	3
236	94	136	4
237	95	163	4
238	95	201	4
239	96	117	4
240	96	116	4
241	97	177	5
242	97	126	5
243	98	230	4
244	98	194	4
245	98	203	5
246	99	114	4
247	99	121	4
248	100	184	4
249	100	142	5
250	101	158	4
251	101	149	4
252	102	144	5
253	102	216	4
254	103	229	5
255	104	189	3
256	104	186	5
257	104	190	4
258	105	150	5
259	106	224	4
260	106	228	5
261	106	219	4
262	107	210	5
263	107	215	4
264	108	123	5
265	108	143	3
266	108	140	4
267	109	110	3
268	109	108	5
269	110	136	5
270	110	185	4
271	111	230	5
\.


--
-- Data for Name: search_history; Type: TABLE DATA; Schema: public; Owner: -
--

COPY public.search_history (id, user_id, query, created_at) FROM stdin;
20	8	Ядерный магнитный резонанс в органической химии	2026-04-27 15:24:43.229195+10
21	8	2500 задач по химии с решениями для поступающих в вузы	2026-04-27 15:25:43.73647+10
22	8	Квантовая теория явлений электронного переноса в кристаллических полупроводниках	2026-04-27 15:39:28.143872+10
23	8	корейская	2026-04-27 15:54:15.589224+10
24	8	белая эмиграция	2026-04-27 16:13:52.973585+10
25	8	магические квадраты	2026-04-27 18:10:08.92299+10
26	8	Внутреннее созерцание. Плоды мудрости. Форум: вопросы и ответы	2026-04-27 18:27:04.754693+10
27	8	Античный гностицизм. Фрагменты и свидетельства	2026-04-27 18:27:56.431372+10
28	8	Освой самостоятельно ASP.Net за 21 день	2026-04-27 18:30:02.288055+10
29	8	иудаизм	2026-04-27 21:40:26.408487+10
30	8	война	2026-04-27 21:40:34.826539+10
31	8	философ	2026-05-01 15:16:29.738228+10
32	8	философ	2026-05-01 15:16:51.654925+10
33	2	история	2026-05-01 15:52:52.814169+10
34	8	5020183091	2026-05-10 12:05:42.634531+10
35	8	атмосфера	2026-05-12 17:02:26.141909+10
36	1	история.	2026-05-25 22:32:33.175718+10
37	1	история	2026-05-25 22:32:35.872739+10
40	11	исследование	2026-05-26 20:36:41.382098+10
41	11	монография	2026-05-26 20:36:41.382098+10
42	12	исследование	2026-05-26 20:36:41.382098+10
43	12	научная статья	2026-05-26 20:36:41.382098+10
44	12	учебник	2026-05-26 20:36:41.382098+10
45	13	электродинамика	2026-05-26 20:36:41.382098+10
46	13	термодинамика	2026-05-26 20:36:41.382098+10
47	13	механика	2026-05-26 20:36:41.382098+10
48	13	ядерная физика	2026-05-26 20:36:41.382098+10
49	14	новейшая история	2026-05-26 20:36:41.382098+10
50	14	история науки	2026-05-26 20:36:41.382098+10
51	14	мировая история	2026-05-26 20:36:41.382098+10
52	14	средневековье	2026-05-26 20:36:41.382098+10
53	15	социальная психология	2026-05-26 20:36:41.382098+10
54	15	педагогическая психология	2026-05-26 20:36:41.382098+10
55	15	психоанализ	2026-05-26 20:36:41.382098+10
56	15	когнитивная психология	2026-05-26 20:36:41.382098+10
57	16	маркетинг	2026-05-26 20:36:41.382098+10
58	16	микроэкономика	2026-05-26 20:36:41.382098+10
59	17	дискретная математика	2026-05-26 20:36:41.382098+10
60	17	математический анализ	2026-05-26 20:36:41.382098+10
61	17	линейная алгебра	2026-05-26 20:36:41.382098+10
62	17	численные методы	2026-05-26 20:36:41.382098+10
63	18	неорганическая химия	2026-05-26 20:36:41.382098+10
64	18	органическая химия	2026-05-26 20:36:41.382098+10
65	18	аналитическая химия	2026-05-26 20:36:41.382098+10
66	18	физическая химия	2026-05-26 20:36:41.382098+10
67	19	научная статья	2026-05-26 20:36:41.382098+10
68	19	методическое пособие	2026-05-26 20:36:41.382098+10
69	19	монография	2026-05-26 20:36:41.382098+10
70	20	международное право	2026-05-26 20:36:41.382098+10
71	20	гражданское право	2026-05-26 20:36:41.382098+10
72	20	административное право	2026-05-26 20:36:41.382098+10
73	21	исследование	2026-05-26 20:36:41.382098+10
74	21	методическое пособие	2026-05-26 20:36:41.382098+10
75	21	учебник	2026-05-26 20:36:41.382098+10
76	21	научная статья	2026-05-26 20:36:41.382098+10
77	22	методическое пособие	2026-05-26 20:36:41.382098+10
78	22	учебник	2026-05-26 20:36:41.382098+10
79	23	научная статья	2026-05-26 20:36:41.382098+10
80	23	методическое пособие	2026-05-26 20:36:41.382098+10
81	24	гносеология	2026-05-26 20:36:41.382098+10
82	24	логика	2026-05-26 20:36:41.382098+10
83	25	монография	2026-05-26 20:36:41.382098+10
84	25	научная статья	2026-05-26 20:36:41.382098+10
85	25	учебник	2026-05-26 20:36:41.382098+10
86	25	исследование	2026-05-26 20:36:41.382098+10
87	26	микробиология	2026-05-26 20:36:41.382098+10
88	26	экология	2026-05-26 20:36:41.382098+10
89	27	учебник	2026-05-26 20:36:41.382098+10
90	27	монография	2026-05-26 20:36:41.382098+10
91	27	научная статья	2026-05-26 20:36:41.382098+10
92	28	научная статья	2026-05-26 20:36:41.382098+10
93	28	исследование	2026-05-26 20:36:41.382098+10
94	29	оптика	2026-05-26 20:36:41.382098+10
95	29	квантовая механика	2026-05-26 20:36:41.382098+10
96	29	термодинамика	2026-05-26 20:36:41.382098+10
97	29	механика	2026-05-26 20:36:41.382098+10
98	30	средневековье	2026-05-26 20:36:41.382098+10
99	30	новейшая история	2026-05-26 20:36:41.382098+10
100	30	история науки	2026-05-26 20:36:41.382098+10
101	31	когнитивная психология	2026-05-26 20:36:41.382098+10
102	31	социальная психология	2026-05-26 20:36:41.382098+10
103	32	экономический анализ	2026-05-26 20:36:41.382098+10
104	32	микроэкономика	2026-05-26 20:36:41.382098+10
105	33	линейная алгебра	2026-05-26 20:36:41.382098+10
106	33	статистика	2026-05-26 20:36:41.382098+10
107	34	полимеры	2026-05-26 20:36:41.382098+10
108	34	неорганическая химия	2026-05-26 20:36:41.382098+10
109	34	аналитическая химия	2026-05-26 20:36:41.382098+10
110	35	монография	2026-05-26 20:36:41.382098+10
111	35	учебник	2026-05-26 20:36:41.382098+10
112	35	исследование	2026-05-26 20:36:41.382098+10
113	36	гражданское право	2026-05-26 20:36:41.382098+10
114	36	международное право	2026-05-26 20:36:41.382098+10
115	36	административное право	2026-05-26 20:36:41.382098+10
116	36	уголовное право	2026-05-26 20:36:41.382098+10
117	37	монография	2026-05-26 20:36:41.382098+10
118	37	учебник	2026-05-26 20:36:41.382098+10
119	37	научная статья	2026-05-26 20:36:41.382098+10
120	38	методическое пособие	2026-05-26 20:36:41.382098+10
121	38	монография	2026-05-26 20:36:41.382098+10
122	38	исследование	2026-05-26 20:36:41.382098+10
123	38	учебник	2026-05-26 20:36:41.382098+10
124	39	исследование	2026-05-26 20:36:41.382098+10
125	39	методическое пособие	2026-05-26 20:36:41.382098+10
126	39	монография	2026-05-26 20:36:41.382098+10
127	39	учебник	2026-05-26 20:36:41.382098+10
128	40	философия науки	2026-05-26 20:36:41.382098+10
129	40	онтология	2026-05-26 20:36:41.382098+10
130	41	монография	2026-05-26 20:36:41.382098+10
131	41	учебник	2026-05-26 20:36:41.382098+10
132	41	научная статья	2026-05-26 20:36:41.382098+10
133	42	ботаника	2026-05-26 20:36:41.382098+10
134	42	молекулярная биология	2026-05-26 20:36:41.382098+10
135	42	экология	2026-05-26 20:36:41.382098+10
136	42	генетика	2026-05-26 20:36:41.382098+10
137	43	монография	2026-05-26 20:36:41.382098+10
138	43	исследование	2026-05-26 20:36:41.382098+10
139	44	монография	2026-05-26 20:36:41.382098+10
140	44	научная статья	2026-05-26 20:36:41.382098+10
141	45	термодинамика	2026-05-26 20:36:41.382098+10
142	45	электродинамика	2026-05-26 20:36:41.382098+10
143	45	механика	2026-05-26 20:36:41.382098+10
144	45	оптика	2026-05-26 20:36:41.382098+10
145	46	древний мир	2026-05-26 20:36:41.382098+10
146	46	новейшая история	2026-05-26 20:36:41.382098+10
147	46	история России	2026-05-26 20:36:41.382098+10
148	46	история науки	2026-05-26 20:36:41.382098+10
149	47	социальная психология	2026-05-26 20:36:41.382098+10
150	47	педагогическая психология	2026-05-26 20:36:41.382098+10
151	47	психоанализ	2026-05-26 20:36:41.382098+10
152	48	финансы	2026-05-26 20:36:41.382098+10
153	48	экономический анализ	2026-05-26 20:36:41.382098+10
154	48	микроэкономика	2026-05-26 20:36:41.382098+10
155	49	математический анализ	2026-05-26 20:36:41.382098+10
156	49	линейная алгебра	2026-05-26 20:36:41.382098+10
157	49	статистика	2026-05-26 20:36:41.382098+10
158	50	физическая химия	2026-05-26 20:36:41.382098+10
159	50	полимеры	2026-05-26 20:36:41.382098+10
160	50	органическая химия	2026-05-26 20:36:41.382098+10
161	51	научная статья	2026-05-26 20:36:41.382098+10
162	51	методическое пособие	2026-05-26 20:36:41.382098+10
163	52	конституционное право	2026-05-26 20:36:41.382098+10
164	52	гражданское право	2026-05-26 20:36:41.382098+10
165	52	международное право	2026-05-26 20:36:41.382098+10
166	52	уголовное право	2026-05-26 20:36:41.382098+10
167	53	научная статья	2026-05-26 20:36:41.382098+10
168	53	учебник	2026-05-26 20:36:41.382098+10
169	54	монография	2026-05-26 20:36:41.382098+10
170	54	исследование	2026-05-26 20:36:41.382098+10
171	54	методическое пособие	2026-05-26 20:36:41.382098+10
172	54	научная статья	2026-05-26 20:36:41.382098+10
173	55	научная статья	2026-05-26 20:36:41.382098+10
174	55	методическое пособие	2026-05-26 20:36:41.382098+10
175	55	монография	2026-05-26 20:36:41.382098+10
176	56	этика	2026-05-26 20:36:41.382098+10
177	56	логика	2026-05-26 20:36:41.382098+10
178	56	онтология	2026-05-26 20:36:41.382098+10
179	57	монография	2026-05-26 20:36:41.382098+10
180	57	учебник	2026-05-26 20:36:41.382098+10
181	57	исследование	2026-05-26 20:36:41.382098+10
182	57	научная статья	2026-05-26 20:36:41.382098+10
183	58	биохимия	2026-05-26 20:36:41.382098+10
184	58	микробиология	2026-05-26 20:36:41.382098+10
185	58	зоология	2026-05-26 20:36:41.382098+10
186	58	экология	2026-05-26 20:36:41.382098+10
187	59	методическое пособие	2026-05-26 20:36:41.382098+10
188	59	учебник	2026-05-26 20:36:41.382098+10
189	59	исследование	2026-05-26 20:36:41.382098+10
190	59	научная статья	2026-05-26 20:36:41.382098+10
191	60	научная статья	2026-05-26 20:36:41.382098+10
192	60	учебник	2026-05-26 20:36:41.382098+10
193	61	термодинамика	2026-05-26 20:36:41.382098+10
194	61	электродинамика	2026-05-26 20:36:41.382098+10
195	62	древний мир	2026-05-26 20:36:41.382098+10
196	62	средневековье	2026-05-26 20:36:41.382098+10
197	62	история России	2026-05-26 20:36:41.382098+10
198	62	история науки	2026-05-26 20:36:41.382098+10
199	63	нейропсихология	2026-05-26 20:36:41.382098+10
200	63	социальная психология	2026-05-26 20:36:41.382098+10
201	63	когнитивная психология	2026-05-26 20:36:41.382098+10
202	64	финансы	2026-05-26 20:36:41.382098+10
203	64	менеджмент	2026-05-26 20:36:41.382098+10
204	65	дискретная математика	2026-05-26 20:36:41.382098+10
205	65	математический анализ	2026-05-26 20:36:41.382098+10
206	65	теория вероятностей	2026-05-26 20:36:41.382098+10
207	65	статистика	2026-05-26 20:36:41.382098+10
208	66	полимеры	2026-05-26 20:36:41.382098+10
209	66	органическая химия	2026-05-26 20:36:41.382098+10
210	66	физическая химия	2026-05-26 20:36:41.382098+10
211	66	неорганическая химия	2026-05-26 20:36:41.382098+10
212	67	научная статья	2026-05-26 20:36:41.382098+10
213	67	исследование	2026-05-26 20:36:41.382098+10
214	68	международное право	2026-05-26 20:36:41.382098+10
215	68	административное право	2026-05-26 20:36:41.382098+10
216	68	уголовное право	2026-05-26 20:36:41.382098+10
217	69	исследование	2026-05-26 20:36:41.382098+10
218	69	монография	2026-05-26 20:36:41.382098+10
219	69	научная статья	2026-05-26 20:36:41.382098+10
220	70	научная статья	2026-05-26 20:36:41.382098+10
221	70	учебник	2026-05-26 20:36:41.382098+10
222	70	монография	2026-05-26 20:36:41.382098+10
223	71	научная статья	2026-05-26 20:36:41.382098+10
224	71	монография	2026-05-26 20:36:41.382098+10
225	71	методическое пособие	2026-05-26 20:36:41.382098+10
226	72	гносеология	2026-05-26 20:36:41.382098+10
227	72	философия техники	2026-05-26 20:36:41.382098+10
228	72	логика	2026-05-26 20:36:41.382098+10
229	72	онтология	2026-05-26 20:36:41.382098+10
230	73	исследование	2026-05-26 20:36:41.382098+10
231	73	учебник	2026-05-26 20:36:41.382098+10
232	73	монография	2026-05-26 20:36:41.382098+10
233	74	биохимия	2026-05-26 20:36:41.382098+10
234	74	генетика	2026-05-26 20:36:41.382098+10
235	74	ботаника	2026-05-26 20:36:41.382098+10
236	75	научная статья	2026-05-26 20:36:41.382098+10
237	75	исследование	2026-05-26 20:36:41.382098+10
238	75	методическое пособие	2026-05-26 20:36:41.382098+10
239	76	научная статья	2026-05-26 20:36:41.382098+10
240	76	монография	2026-05-26 20:36:41.382098+10
241	76	учебник	2026-05-26 20:36:41.382098+10
242	77	механика	2026-05-26 20:36:41.382098+10
243	77	оптика	2026-05-26 20:36:41.382098+10
244	78	история науки	2026-05-26 20:36:41.382098+10
245	78	история России	2026-05-26 20:36:41.382098+10
246	79	нейропсихология	2026-05-26 20:36:41.382098+10
247	79	психоанализ	2026-05-26 20:36:41.382098+10
248	79	когнитивная психология	2026-05-26 20:36:41.382098+10
249	80	маркетинг	2026-05-26 20:36:41.382098+10
250	80	бухгалтерский учёт	2026-05-26 20:36:41.382098+10
251	81	численные методы	2026-05-26 20:36:41.382098+10
252	81	теория вероятностей	2026-05-26 20:36:41.382098+10
253	82	физическая химия	2026-05-26 20:36:41.382098+10
254	82	неорганическая химия	2026-05-26 20:36:41.382098+10
255	82	органическая химия	2026-05-26 20:36:41.382098+10
256	82	аналитическая химия	2026-05-26 20:36:41.382098+10
257	83	исследование	2026-05-26 20:36:41.382098+10
258	83	методическое пособие	2026-05-26 20:36:41.382098+10
259	83	научная статья	2026-05-26 20:36:41.382098+10
260	84	уголовное право	2026-05-26 20:36:41.382098+10
261	84	гражданское право	2026-05-26 20:36:41.382098+10
262	84	международное право	2026-05-26 20:36:41.382098+10
263	84	конституционное право	2026-05-26 20:36:41.382098+10
264	85	монография	2026-05-26 20:36:41.382098+10
265	85	учебник	2026-05-26 20:36:41.382098+10
266	85	методическое пособие	2026-05-26 20:36:41.382098+10
267	85	исследование	2026-05-26 20:36:41.382098+10
268	86	научная статья	2026-05-26 20:36:41.382098+10
269	86	методическое пособие	2026-05-26 20:36:41.382098+10
270	86	монография	2026-05-26 20:36:41.382098+10
271	86	исследование	2026-05-26 20:36:41.382098+10
272	87	монография	2026-05-26 20:36:41.382098+10
273	87	учебник	2026-05-26 20:36:41.382098+10
274	87	методическое пособие	2026-05-26 20:36:41.382098+10
275	88	этика	2026-05-26 20:36:41.382098+10
276	88	философия техники	2026-05-26 20:36:41.382098+10
277	89	исследование	2026-05-26 20:36:41.382098+10
278	89	учебник	2026-05-26 20:36:41.382098+10
279	89	методическое пособие	2026-05-26 20:36:41.382098+10
280	90	экология	2026-05-26 20:36:41.382098+10
281	90	ботаника	2026-05-26 20:36:41.382098+10
282	91	монография	2026-05-26 20:36:41.382098+10
283	91	методическое пособие	2026-05-26 20:36:41.382098+10
284	91	научная статья	2026-05-26 20:36:41.382098+10
285	92	исследование	2026-05-26 20:36:41.382098+10
286	92	монография	2026-05-26 20:36:41.382098+10
287	92	методическое пособие	2026-05-26 20:36:41.382098+10
288	93	оптика	2026-05-26 20:36:41.382098+10
289	93	термодинамика	2026-05-26 20:36:41.382098+10
290	93	ядерная физика	2026-05-26 20:36:41.382098+10
291	93	механика	2026-05-26 20:36:41.382098+10
292	94	новейшая история	2026-05-26 20:36:41.382098+10
293	94	древний мир	2026-05-26 20:36:41.382098+10
294	94	история науки	2026-05-26 20:36:41.382098+10
295	94	средневековье	2026-05-26 20:36:41.382098+10
296	95	нейропсихология	2026-05-26 20:36:41.382098+10
297	95	педагогическая психология	2026-05-26 20:36:41.382098+10
298	95	психоанализ	2026-05-26 20:36:41.382098+10
299	96	маркетинг	2026-05-26 20:36:41.382098+10
300	96	менеджмент	2026-05-26 20:36:41.382098+10
301	96	макроэкономика	2026-05-26 20:36:41.382098+10
302	97	теория вероятностей	2026-05-26 20:36:41.382098+10
303	97	математический анализ	2026-05-26 20:36:41.382098+10
304	97	дискретная математика	2026-05-26 20:36:41.382098+10
305	97	линейная алгебра	2026-05-26 20:36:41.382098+10
306	98	аналитическая химия	2026-05-26 20:36:41.382098+10
307	98	органическая химия	2026-05-26 20:36:41.382098+10
308	98	физическая химия	2026-05-26 20:36:41.382098+10
309	98	полимеры	2026-05-26 20:36:41.382098+10
310	99	научная статья	2026-05-26 20:36:41.382098+10
311	99	монография	2026-05-26 20:36:41.382098+10
312	99	исследование	2026-05-26 20:36:41.382098+10
313	100	административное право	2026-05-26 20:36:41.382098+10
314	100	уголовное право	2026-05-26 20:36:41.382098+10
315	100	международное право	2026-05-26 20:36:41.382098+10
316	101	монография	2026-05-26 20:36:41.382098+10
317	101	учебник	2026-05-26 20:36:41.382098+10
318	101	научная статья	2026-05-26 20:36:41.382098+10
319	101	методическое пособие	2026-05-26 20:36:41.382098+10
320	102	методическое пособие	2026-05-26 20:36:41.382098+10
321	102	исследование	2026-05-26 20:36:41.382098+10
322	103	исследование	2026-05-26 20:36:41.382098+10
323	103	методическое пособие	2026-05-26 20:36:41.382098+10
324	103	учебник	2026-05-26 20:36:41.382098+10
325	103	монография	2026-05-26 20:36:41.382098+10
326	104	гносеология	2026-05-26 20:36:41.382098+10
327	104	онтология	2026-05-26 20:36:41.382098+10
328	105	монография	2026-05-26 20:36:41.382098+10
329	105	учебник	2026-05-26 20:36:41.382098+10
330	105	научная статья	2026-05-26 20:36:41.382098+10
331	105	методическое пособие	2026-05-26 20:36:41.382098+10
332	106	микробиология	2026-05-26 20:36:41.382098+10
333	106	биохимия	2026-05-26 20:36:41.382098+10
334	106	молекулярная биология	2026-05-26 20:36:41.382098+10
335	106	ботаника	2026-05-26 20:36:41.382098+10
336	107	монография	2026-05-26 20:36:41.382098+10
337	107	методическое пособие	2026-05-26 20:36:41.382098+10
338	107	учебник	2026-05-26 20:36:41.382098+10
339	107	исследование	2026-05-26 20:36:41.382098+10
340	108	исследование	2026-05-26 20:36:41.382098+10
341	108	учебник	2026-05-26 20:36:41.382098+10
342	109	ядерная физика	2026-05-26 20:36:41.382098+10
343	109	термодинамика	2026-05-26 20:36:41.382098+10
344	109	механика	2026-05-26 20:36:41.382098+10
345	110	мировая история	2026-05-26 20:36:41.382098+10
346	110	новейшая история	2026-05-26 20:36:41.382098+10
347	11	1	2026-05-29 14:13:13.831581+10
348	11	101	2026-05-29 14:13:19.337103+10
349	11	5224033101	2026-05-29 14:14:01.063175+10
350	11	5224033101	2026-05-29 14:14:03.431961+10
351	11	5224033101	2026-05-29 14:14:03.754007+10
352	11	575	2026-05-29 14:14:14.441792+10
353	11	5030034420	2026-05-29 14:19:41.377238+10
354	11	57(075.8)	2026-05-29 14:19:49.465198+10
355	8	2025	2026-06-01 12:01:46.280503+10
356	8	551	2026-06-09 22:00:38.635107+10
357	8	912(084.4)	2026-06-09 22:17:38.697093+10
358	8	912	2026-06-09 22:17:54.985467+10
359	11	test	2026-06-09 22:46:01.777837+10
360	8	551	2026-06-09 23:40:05.401452+10
361	8	32.973-018.2	2026-06-10 00:53:39.878575+10
362	8	32.973-018.2	2026-06-10 00:53:50.41608+10
363	8	32.973-018.2	2026-06-10 00:54:08.569751+10
\.


--
-- Data for Name: users; Type: TABLE DATA; Schema: public; Owner: -
--

COPY public.users (id, username, email, password_hash, role, is_blocked) FROM stdin;
45	user035	user035@test.ru	$2b$12$bBJzh4NfsH3SPUqDoZ/DhO/fvLBTU.ol.ngPGykn5JmvJzkOnypoK	reader	0
46	user036	user036@test.ru	$2b$12$56lDR/PvutSeZDSiEGCROOkmXyst5Ryq.J.RB1IvW7wxAIuCJBQfu	reader	0
1	kirill	kirill@example.com	$2b$12$Egvp79QkxBOPB2H28TQbHuPv59LYrJtKPGvZaGxmb30orZS4yyEEK	reader	0
2	Yura	Yura@mail.ru	$2b$12$u.POoldYTvP5qr0cr20CrOvq0VD2QvCoqel5ujJPe7br7xa3Sq7Me	reader	0
3	Vadim	Vadim@example.com	$2b$12$0g7qtZ0AOXws7on3mY1mqeZVj96AxaCur3f/OXJi7XxOSJhQXkC8e	reader	0
4	vlad	vlad@vlad	$2b$12$DFSz0JTNsrouzm/G6QxU6u3XUC5YYVmxBmLaxkGaw8CZvW8esOfqG	reader	0
5	Andrey	V@mail.ru	$2b$12$WXhgH2fa4Yy2JlZ5.SdiWeU4eRXIiS8OeWPE4uHOuic/IvAv2rW2q	reader	0
6	Kseniya	k@mail.ru	$2b$12$bOKLYFdFd4KeHJqjulVtpex83MfEVdhnnK1W6yxRabJPi6xYBtiDa	reader	0
7	test	test@mail.ru	$2b$12$r0sSvK4xTktJ0Fx6hwRX3OGOgDU9wkDm4nFxWTC9wAY6hJPe9RUqu	reader	0
47	user037	user037@test.ru	$2b$12$B0YZWja5i6XWxgQLbGMofuBTpVc/nQEpQWbq2YXm450h8utcfjS9u	reader	0
48	user038	user038@test.ru	$2b$12$4ukjnlm7nhK4tcfQ2wOrsOUnTJyivqaRV9SVK/mRpO.RzDoI2Px3y	reader	0
49	user039	user039@test.ru	$2b$12$juzA6OOJh5gppFoG0vGy1e6NTr3tdQ7yMa0nV2g/1ao8ByhWAU.Yu	reader	0
50	user040	user040@test.ru	$2b$12$G59wI0yHng0rN7lJ5YRhHO57k8cAouvSRYL8aFy.b2GzCszH1vfO6	reader	0
51	user041	user041@test.ru	$2b$12$twckapSk82gG99q167a18eSWpNvqxvo1ROzkpXLx8GsXjn0TddIue	reader	0
52	user042	user042@test.ru	$2b$12$8CBXqBmEG8jwVDj6TMTbOOr/SF0G3cby1srk7rfU4XKJbt59WbL5y	reader	0
11	user001	user001@test.ru	$2b$12$Przu1m.Z1Bt6ur78UmSDse.t89zwAiw6qgD9FLvv9/MkyzECTmtwy	reader	0
12	user002	user002@test.ru	$2b$12$mpEvf5YlYNL7ttCfs1nYp.7ni0Dwk.gQdPoBMSYKxZJ/PWrrZw3Hq	reader	0
13	user003	user003@test.ru	$2b$12$nD6.IeRR81LZI4KpbpY8LO51KgcbDK.pM/YJDIODczPwf0KuPTi1O	reader	0
14	user004	user004@test.ru	$2b$12$qL0Pq.T7Jkgt/vD.FQ0gze0KExkXbNvR0NlolFITEY3EkuUtPCmXW	reader	0
15	user005	user005@test.ru	$2b$12$KcyzzhORhc2gQXZ26vm8GeajUMS3X4X/ZQN6iIVWSnEoEr7.onQyC	reader	0
16	user006	user006@test.ru	$2b$12$Hceo3.Cfxu57zRtmNzysvOcKCMwMnGpNby6nm.KY8yY9ImtbAXCuu	reader	0
17	user007	user007@test.ru	$2b$12$HRKq2isynC37k84soIn99eoZdaq5w2j.x.wzgns.A/ZLJ91LcNh6K	reader	0
18	user008	user008@test.ru	$2b$12$zmD/NXUxSxd6UQHmqjcW9em9EqGYG5itY5vaJJhZM4gO6gm/AM98K	reader	0
19	user009	user009@test.ru	$2b$12$ok/.cN1ASlwDRiSDTI4xce5CHMOJKwmYnTrDtG6GRuvXwf203ZLSG	reader	0
20	user010	user010@test.ru	$2b$12$pURPvyOtr6Y92dDiVqYd2.bEAplvnUJCnRTauaIEZJRlJ49n/yING	reader	0
21	user011	user011@test.ru	$2b$12$nv8wWC1gWJ/jp/MZXT915e/nKnN768EwZQkcM/2p5euv4.1SDGnWa	reader	0
22	user012	user012@test.ru	$2b$12$CIJVWQXkB5vnTOC7cffzhuUw72ZooN7Qho04Zzd8d4KCPRJBGfRzi	reader	0
23	user013	user013@test.ru	$2b$12$mkwxXq9zeaSUcbB4cEvhlOgb0zUxRYgzKPVTaErfNfSNqejZMTL2m	reader	0
24	user014	user014@test.ru	$2b$12$cqc8xvij49NDkQ5wA1WDDuFiw8gGLxRSoDGSF0r3yGAnAssBGt.BW	reader	0
25	user015	user015@test.ru	$2b$12$B04j8pnpfGP1JGLsk68ijOAJbR.zwfsEpwILdCNAeepwHdg95WioK	reader	0
26	user016	user016@test.ru	$2b$12$Za0p/9EXgoX.7n7DLLth4ORJe1h225S7z0glyFrOZ8hnv759Hzh9S	reader	0
27	user017	user017@test.ru	$2b$12$rkiAihMcbi0VW8WITz41x.1cP5hl4O5SwVRAzIlZXEspSYXwQVV.C	reader	0
28	user018	user018@test.ru	$2b$12$Wc5/AH3FOGaR0969tC9LJeCAMgesLcN8o3wyDCC6dAkouMDDcqzO2	reader	0
29	user019	user019@test.ru	$2b$12$fqbFq4TyE4a12mNhPCqyAOMhTcWNuuibClAUzxcs1v6QHwrZ2fs.K	reader	0
30	user020	user020@test.ru	$2b$12$NfM.bXqKpZKXJTRP3TqMY.Cv05U2APofKiwetsDV5BesOwytuErHa	reader	0
31	user021	user021@test.ru	$2b$12$xfUij8qLCkFpfu2AxT04Ae9JWRsZ.eycxlMjE.9XGKY4J9lADNDq6	reader	0
32	user022	user022@test.ru	$2b$12$aNm418guO25jrsFsrOxULOUSIA5tM2JH92H9rfEt0eUdZd9.MvAsG	reader	0
33	user023	user023@test.ru	$2b$12$3my5rTac9pIbF0oQkJYoauAcJVBdenSCGULbXR1iV2JdL.RcuFTMO	reader	0
34	user024	user024@test.ru	$2b$12$2lcnYWdMFGlhfMH3.0vCpeCZVvRhjsJTOsun0UHPsVyLTAQbwG1nu	reader	0
35	user025	user025@test.ru	$2b$12$hCaPSz2B5xlXd/cCORxdruIjmbeZ7RRlI89hK4IYmRT5lc/jOCQ26	reader	0
36	user026	user026@test.ru	$2b$12$EfYalmkyehwxqZXB9SMtjuEt4egt0nrMeO0.DVWGeVWuNWa8owBg2	reader	0
37	user027	user027@test.ru	$2b$12$O2dFcyPZLpIFlYO/626IceMqNocKqCpETmZ9JbPPHNmpNJyR.ZGT2	reader	0
38	user028	user028@test.ru	$2b$12$t9V2aN6U/SbrMHA33MV8ae3B5Whs9dDxa6hNYFyrOIOFoLU6hANfO	reader	0
39	user029	user029@test.ru	$2b$12$wj4m48o4Mo0rG7QoNiQLFu2pShZrAyTSerTO/rw79JRS35AWwoV/m	reader	0
40	user030	user030@test.ru	$2b$12$oLdjZiwPK5k85NDwgt1s4OZMZf2zK9V.beE7EeWH.Mf2ONl3CfMwi	reader	0
41	user031	user031@test.ru	$2b$12$zvtUiSMojHX8PRiMI7hUq.pGQkKXLEDTnj2RScuAJR48AJU.CQJF2	reader	0
42	user032	user032@test.ru	$2b$12$SJ0SsUISQUUt9uHVbYMofulskwDZUKa1TSt9WPo0cwuocsRwzAXNC	reader	0
43	user033	user033@test.ru	$2b$12$wE1G/NEkMtEhye7/.0NWguDrUCLttbEtVCgaiAh/OTf4gGmI7meiW	reader	0
44	user034	user034@test.ru	$2b$12$q3r8cqZ1EASpnLXLIFy9d.e2N0P5by81DLfrFvkiIkYShs25Vba5W	reader	0
53	user043	user043@test.ru	$2b$12$rOuI/hvLmPHQqXID6uvfgu3gXFwkAMQ1ugrrq8.0je/yVvR/fhIxG	reader	0
54	user044	user044@test.ru	$2b$12$bKu4MjepuYQGeq5.Qdf.eOQvp35Ua1eFRpx4c.3hYezS5ogcobv3K	reader	0
55	user045	user045@test.ru	$2b$12$JFLQTOVXq3Kvlq9440EAZu9Qk0dp55cAH5PezBrY0IHGnIWst0FUm	reader	0
56	user046	user046@test.ru	$2b$12$ZsMGnVgi3pZRiVZ3c6CJie5djKSIe4CFYDAAxzyoIkn5EzU1bIX56	reader	0
57	user047	user047@test.ru	$2b$12$Rk0S7nNx7/BmoeF2SPxPq.16rufRXcC7NNANCdUNiyHwwf6ytymgq	reader	0
58	user048	user048@test.ru	$2b$12$n5TLN/Daq4X7PXVix1I0Fe/A5R7kijKAWrd6VSx/6UJMSInVQEo/O	reader	0
59	user049	user049@test.ru	$2b$12$lnugTvhUTxvFEyrsZNQgeeguktdVAxaGhoVUFk0J0yeN6bdkMccLq	reader	0
60	user050	user050@test.ru	$2b$12$x6OvkbGdgDlUaD1BITZ1Mu.kjje65I0grhp28lihm9MQw4sCsMDTe	reader	0
61	user051	user051@test.ru	$2b$12$enZogs8P3Viq3594dBxeQOMQjYLhzW736qg5ggquHC8dYHiKw3/Am	reader	0
62	user052	user052@test.ru	$2b$12$hhcAgjcCQGZCdK7HL9lUUeJdrMAtI3VRTDdI06ERQL1v9Z.7rsT.a	reader	0
63	user053	user053@test.ru	$2b$12$KPxW3IDeTGLEO.yVzcVvnu3JyT59om0d.i6aHNyAeMWAIyKzO7VEq	reader	0
64	user054	user054@test.ru	$2b$12$.EciR7bbeTZlqNfJ9wevAug488HV./fY3tHcgzLQTPHn5yymcEdfG	reader	0
65	user055	user055@test.ru	$2b$12$5wytSap90b6HBADGdoE4JuvuHIx0WHf/fod1Wqc3leCxAgeN1deGy	reader	0
66	user056	user056@test.ru	$2b$12$Anw8w7KEWzHXuyBi3nZe6.eTWAWR7oJyaej268NBgnEIOF2cYfagi	reader	0
67	user057	user057@test.ru	$2b$12$OeRGgoesEPj6fATV7icULePN1a3gJs2uHVtX87.3NR6cruturSkIW	reader	0
68	user058	user058@test.ru	$2b$12$OKb/Ew0eCnkNjlokiGVf6OdYnUOANUbR61ZHAS0bf.KCB5xcXjnNK	reader	0
69	user059	user059@test.ru	$2b$12$7wjluCxWJU53AtcIwAKGdeFZLM8F1hb6xMqaOEUZGJb.G4JkdRXLi	reader	0
70	user060	user060@test.ru	$2b$12$Hg/QWoikrsz/MsEzbw6x2.XMLqzwMVOQryFWPPVWlev9Eyx5IQmxa	reader	0
71	user061	user061@test.ru	$2b$12$dOABQ89DKich3sh8Zp9Y/ugcU8dqTSxNC/X6SEUTEfx3kNgKnw2VW	reader	0
72	user062	user062@test.ru	$2b$12$VOwBGmOjS/YHbsUUYyVJr.t7ohL4fmPXJZJfL1pr4ZFXd4O9vBrTu	reader	0
73	user063	user063@test.ru	$2b$12$cZOTf97cbHBtnA1UTu/EmesECAnSWvC/4DVRYiQucQyuEkn8unJFi	reader	0
74	user064	user064@test.ru	$2b$12$x/0RzuA1wWTHTPOuNWJy2Oj/ZFCFwzw92shpxZ28DkVtdnGKRGiKe	reader	0
75	user065	user065@test.ru	$2b$12$AnZ6/9hCRwCQfW59zZG/Du.Usob6YUYAUHXE6B/EcVIdaJdACvuX6	reader	0
76	user066	user066@test.ru	$2b$12$fpCu36yfGmsuNrbD49G1i.KQCJNJhGCML.HZodC6dl3pd3adS.XrG	reader	0
77	user067	user067@test.ru	$2b$12$sGa8wlgBeE/a0UILJfV9MucaU83mHeqkgfJb7mTdJLbkONjo3CTK2	reader	0
78	user068	user068@test.ru	$2b$12$h2YcVPtopyfzxAXC4rGwXuZGVT1ZEQpFDmNfv6v91DCxbMFn9TS9m	reader	0
79	user069	user069@test.ru	$2b$12$ZBzJtR5Y7Q4QwcxeRK3OFOlgjf5Cw.fjcin17hyOWR6UK9IPxYdOy	reader	0
80	user070	user070@test.ru	$2b$12$W9KAqL.JIN6RofH2lK9zOOPApqWSFYZ9HV7HNQSWk.ysw7uWX1UQ6	reader	0
81	user071	user071@test.ru	$2b$12$/o4Nwf0nmT13o2v.gwzMt.znZV9wUKhWp3TMeYBMUzocn.q.z8FoG	reader	0
82	user072	user072@test.ru	$2b$12$tVjhQ0n5G8t2M0lToVeBj.oPWQAuBIHxbQrF/cT7CjA/UOOs3h2wm	reader	0
83	user073	user073@test.ru	$2b$12$zIeERCWGigDGst2SCTCi3uYKplE8IreTXQ9Svrs1jdVVvnKt7hRc.	reader	0
84	user074	user074@test.ru	$2b$12$gOatx16C.WztkR01L3kuE.cHnUCG6tapqPsLDFYS9GN4D4lFzOnZ.	reader	0
85	user075	user075@test.ru	$2b$12$b4hQBbbnqS23Rq0fOWEhoO/YXE9.0a6a3nJnS.PIjELqG2Y1BNqhm	reader	0
86	user076	user076@test.ru	$2b$12$YbGLERs7hIa46GlirY.eNOwGwWobdDZAke0jYqML5kYpxmi.nkkFm	reader	0
87	user077	user077@test.ru	$2b$12$e3BkORAGcw1Oe6EAZ.YiGeAjxwW8hGlRq.JZFbURbD30hMKaL4Gta	reader	0
88	user078	user078@test.ru	$2b$12$jv6um6z6CxgHF6I.izGgne37XLTkuz6Wemua5dokFRaVSRgPp3K2i	reader	0
89	user079	user079@test.ru	$2b$12$823QY2Aql3xquGkAq0tl3uDHYqs1Wh/Y0Gk8Xtrg51IIRjN80Xf5u	reader	0
90	user080	user080@test.ru	$2b$12$7Y8TvMxCBm0t.wrXopu6Ge91vo0/KRzCNRvHMMIgdfZc//ff.7zB6	reader	0
91	user081	user081@test.ru	$2b$12$zzDFQMBDIUx/uXvVXS9dOe4BctibKx8qYL5qjBpThi7x4ZaAg7nIq	reader	0
92	user082	user082@test.ru	$2b$12$sIfRjtpk.oPi/HQ7Ck2/Wul4qIkDK9MF8cErFfXIXppKkLFAwkh8e	reader	0
93	user083	user083@test.ru	$2b$12$h03t/SVnEcOGjKhSU34mVe6mFVaUubobCb/rWgs.tP/RZzfovveku	reader	0
94	user084	user084@test.ru	$2b$12$Nx9KmMlXFUn9yFzGEpGg3u.kNxdkAoh/mXY80OZOaPrme3uJLr9tO	reader	0
95	user085	user085@test.ru	$2b$12$OdXd6qbBGdZE/Wl1xN2N/e.C72i1qfWUXrgbBMq6FuXsp0fcQK5dO	reader	0
96	user086	user086@test.ru	$2b$12$99Oob7K3tlPAH5cKuiK8muPm9WjIFuaW4dE3ULgYD6sCR74/UI67u	reader	0
97	user087	user087@test.ru	$2b$12$3WZoamQtslZZBv2kaJosX.plRmCOMryqx3iNupb9DTCVw7wqiQI4q	reader	0
98	user088	user088@test.ru	$2b$12$IxX7DRfcVx1GQlaSS2rdvurOGV0TGM22.XgFIdCQH8V4CCSEMv/Pi	reader	0
99	user089	user089@test.ru	$2b$12$Bc4r1/sN.SJcEviARUUR6eA.aWjWYLjWj9F3A2xRYpd3QEWM16gEq	reader	0
101	user091	user091@test.ru	$2b$12$AWND7He0B0843PC.sdH2lemi44OosTLaSEcf1Et9ILV7BOg802.HS	reader	0
102	user092	user092@test.ru	$2b$12$WEZZWWi/tmp1yb0KhH/BxuUAptA3K0AU5Y3m3ZiVgrw9eqmD1cfkq	reader	0
103	user093	user093@test.ru	$2b$12$wpIT2mN0WISqx0OFN9QMF.QruQAgqizcXxUQVX43U5hdEIQlQhWoC	reader	0
104	user094	user094@test.ru	$2b$12$Ok0kBqR4azdwLMv2cPz6PuDDzyeK06D3eNo2HbluTqA1W5WXBUjYK	reader	0
105	user095	user095@test.ru	$2b$12$rfTYhedsyjEdIx5.9v4qJ.YSyEtNHYzv9r0Q5xSkVC3ZJB3l1dDWO	reader	0
106	user096	user096@test.ru	$2b$12$ZJOlRlfhzEPtSJSFYIghFess17vLd2wryXdYNiiidk4srOPvTQSxK	reader	0
107	user097	user097@test.ru	$2b$12$Um/H1H2TDQ5cQgn3NwZeWuVbGXSF/GGWe5Gfj6Fe62EUTK9Elvv2.	reader	0
108	user098	user098@test.ru	$2b$12$GaOL6O1AdL7iRtFQtcYs0./lX.kiuMB0cgQdxonVhBPk/cd3aI9rS	reader	0
109	user099	user099@test.ru	$2b$12$mPW6CpSX0ASAu96FA5VNo.qxT94a7rVuJY2v14K.rBbdz8a6aGjs.	reader	0
110	user100	user100@test.ru	$2b$12$rDWjKLwpGX0GVyqJxgd9POXRQNA2Od3MLXARYH6CORX8XouSHjyp2	reader	0
8	admin	admin@example.com	$2b$12$ci7DoCWedh1Z7fnttgKgiOrZSIFBi0T77aVsLa913j.s.lZR1hN8u	admin	0
111	user0900	test22@mail.ru	$2b$12$dKUrfwKZtU7MS8AepisnxeKcCGSu2yEnHCqACPazCmVD1KGxHs0iu	reader	0
100	user090	user090@test.ru	$2b$12$8SrI6OZFX/zhVeYkkbI4t.3MdiuAo1tfSBMMEQmoNUwZeFN9gI3XK	reader	0
\.


--
-- Name: documents_id_seq; Type: SEQUENCE SET; Schema: public; Owner: -
--

SELECT pg_catalog.setval('public.documents_id_seq', 231, true);


--
-- Name: interactions_id_seq; Type: SEQUENCE SET; Schema: public; Owner: -
--

SELECT pg_catalog.setval('public.interactions_id_seq', 1204, true);


--
-- Name: ratings_id_seq; Type: SEQUENCE SET; Schema: public; Owner: -
--

SELECT pg_catalog.setval('public.ratings_id_seq', 271, true);


--
-- Name: search_history_id_seq; Type: SEQUENCE SET; Schema: public; Owner: -
--

SELECT pg_catalog.setval('public.search_history_id_seq', 363, true);


--
-- Name: users_id_seq; Type: SEQUENCE SET; Schema: public; Owner: -
--

SELECT pg_catalog.setval('public.users_id_seq', 111, true);


--
-- Name: documents documents_pkey; Type: CONSTRAINT; Schema: public; Owner: -
--

ALTER TABLE ONLY public.documents
    ADD CONSTRAINT documents_pkey PRIMARY KEY (id);


--
-- Name: interactions interactions_pkey; Type: CONSTRAINT; Schema: public; Owner: -
--

ALTER TABLE ONLY public.interactions
    ADD CONSTRAINT interactions_pkey PRIMARY KEY (id);


--
-- Name: ratings ratings_pkey; Type: CONSTRAINT; Schema: public; Owner: -
--

ALTER TABLE ONLY public.ratings
    ADD CONSTRAINT ratings_pkey PRIMARY KEY (id);


--
-- Name: search_history search_history_pkey; Type: CONSTRAINT; Schema: public; Owner: -
--

ALTER TABLE ONLY public.search_history
    ADD CONSTRAINT search_history_pkey PRIMARY KEY (id);


--
-- Name: ratings unique_user_document_rating; Type: CONSTRAINT; Schema: public; Owner: -
--

ALTER TABLE ONLY public.ratings
    ADD CONSTRAINT unique_user_document_rating UNIQUE (user_id, document_id);


--
-- Name: users users_pkey; Type: CONSTRAINT; Schema: public; Owner: -
--

ALTER TABLE ONLY public.users
    ADD CONSTRAINT users_pkey PRIMARY KEY (id);


--
-- Name: ix_documents_id; Type: INDEX; Schema: public; Owner: -
--

CREATE INDEX ix_documents_id ON public.documents USING btree (id);


--
-- Name: ix_interactions_id; Type: INDEX; Schema: public; Owner: -
--

CREATE INDEX ix_interactions_id ON public.interactions USING btree (id);


--
-- Name: ix_ratings_id; Type: INDEX; Schema: public; Owner: -
--

CREATE INDEX ix_ratings_id ON public.ratings USING btree (id);


--
-- Name: ix_search_history_id; Type: INDEX; Schema: public; Owner: -
--

CREATE INDEX ix_search_history_id ON public.search_history USING btree (id);


--
-- Name: ix_users_email; Type: INDEX; Schema: public; Owner: -
--

CREATE UNIQUE INDEX ix_users_email ON public.users USING btree (email);


--
-- Name: ix_users_id; Type: INDEX; Schema: public; Owner: -
--

CREATE INDEX ix_users_id ON public.users USING btree (id);


--
-- Name: ix_users_username; Type: INDEX; Schema: public; Owner: -
--

CREATE UNIQUE INDEX ix_users_username ON public.users USING btree (username);


--
-- Name: interactions interactions_document_id_fkey; Type: FK CONSTRAINT; Schema: public; Owner: -
--

ALTER TABLE ONLY public.interactions
    ADD CONSTRAINT interactions_document_id_fkey FOREIGN KEY (document_id) REFERENCES public.documents(id);


--
-- Name: interactions interactions_user_id_fkey; Type: FK CONSTRAINT; Schema: public; Owner: -
--

ALTER TABLE ONLY public.interactions
    ADD CONSTRAINT interactions_user_id_fkey FOREIGN KEY (user_id) REFERENCES public.users(id);


--
-- Name: ratings ratings_document_id_fkey; Type: FK CONSTRAINT; Schema: public; Owner: -
--

ALTER TABLE ONLY public.ratings
    ADD CONSTRAINT ratings_document_id_fkey FOREIGN KEY (document_id) REFERENCES public.documents(id);


--
-- Name: ratings ratings_user_id_fkey; Type: FK CONSTRAINT; Schema: public; Owner: -
--

ALTER TABLE ONLY public.ratings
    ADD CONSTRAINT ratings_user_id_fkey FOREIGN KEY (user_id) REFERENCES public.users(id);


--
-- Name: search_history search_history_user_id_fkey; Type: FK CONSTRAINT; Schema: public; Owner: -
--

ALTER TABLE ONLY public.search_history
    ADD CONSTRAINT search_history_user_id_fkey FOREIGN KEY (user_id) REFERENCES public.users(id);


--
-- PostgreSQL database dump complete
--

\unrestrict 4Vo2CxLPZWDq49NmG168yHg3T7ewUAhoeNZk4ZHvubKLGu42yvBwmnzNmrOAdc8

